name,address,suburb,state,postcode,latitude,longitude,phone,opening_hours,venue_type,source
Albert Park Library,319 Montague Street,Albert Park,VIC,3206,-37.84,144.96,9209 6622,,Library,Libraries_VIC
Alexandra Library,49 Grant Street,Alexandra,VIC,3714,-37.25,145.7,5772 0333,,Library,Libraries_VIC
Altona Library,123 Queen Street,Altona,VIC,3018,-37.87,144.83,,,Library,Libraries_VIC
Altona Meadows Library & Learning Centre,"Central Square Shopping Centre, 2 Newham Way",Altona Meadows,VIC,3028,-37.87,144.78,,,Library,Libraries_VIC
Altona North Community Library,Cnr Millers & McArthurs Road,Altona North,VIC,3025,-37.84,144.86,,,Library,Libraries_VIC
Apollo Bay Library,6 Pengilley Avenue,Apollo Bay,VIC,3233,-38.75,143.67,5237 1013,,Library,Libraries_VIC
Ararat Library,Barkly Street,Ararat,VIC,3377,-37.28,142.93,5352 1722,,Library,Libraries_VIC
Ascot Vale Library,165 Union Road,Ascot Vale,VIC,3032,-37.78,144.92,8325 1990,,Library,Libraries_VIC
Ashburton Library,154 High Street,Ashburton,VIC,3147,-37.86,145.08,9278 4666,,Library,Libraries_VIC
Avenel Library,23 Queens Street,Avenel,VIC,3664,-36.89,145.23,1300 374 765,,Library,Libraries_VIC
Avoca Library,122 Main Street,Avoca,VIC,3467,-37.09,143.47,5465 1000,,Library,Libraries_VIC
Avondale Heights Library & Learning Centre,69 Military Road,Avondale Heights,VIC,3034,-37.74,144.82,8325 1940,,Library,Libraries_VIC
Lerderderg Library,215 Main Street,Bacchus Marsh,VIC,3340,-37.68,144.44,5366 7100,,Library,Libraries_VIC
Bairnsdale Library,22 Service Street,Bairnsdale,VIC,3875,-37.83,147.63,5152 4225,,Library,Libraries_VIC
Mechanics Institute,143 Inglis Street,Ballan,VIC,3342,-37.6,144.23,0419 519 650,,Library,Libraries_VIC
Ballarat Mechanics’ Institute Inc,117 Sturt Street,Ballarat,VIC,3350,-37.56,143.82,5331 3042,,Library,Libraries_VIC
Balwyn Library,336 Whitehorse Road,Balwyn,VIC,3103,-37.81,145.08,9278 4666,,Library,Libraries_VIC
Greythorn Library Lounge,"2 Centre Way, Balwyn North",Balwyn North,VIC,3104,-37.79,145.07,9276 4666,,Library,Libraries_VIC
Bannockburn Library,25-27 High Street,Bannockburn,VIC,3331,-38.05,144.17,4201 0661,,Library,Libraries_VIC
Barwon Heads Library,Golf Links Road,Barwon Heads,VIC,3227,-38.28,144.49,4201 0653,,Library,Libraries_VIC
Bayswater Library,"Shop 26, Mountain High Shopping Centre, High St",Bayswater,VIC,3153,-37.84,145.27,1300 737 277,,Library,Libraries_VIC
Beaufort Library,72 Neill Street,Beaufort,VIC,3373,-37.43,143.38,5349 1180,,Library,Libraries_VIC
Beaumaris Library,96 Reserve Road,Beaumaris,VIC,3193,-37.99,145.03,9261 7825,,Library,Libraries_VIC
Beechworth Library,101 Ford Street,Beechworth,VIC,3747,-36.36,146.69,5728 8043,,Library,Libraries_VIC
Belgrave Library,Reynolds Lane,Belgrave,VIC,3160,-37.91,145.36,1300 737 277,,Library,Libraries_VIC
Belmont Library,163 High Street,Belmont,VIC,3216,-38.18,144.34,4201 0665,,Library,Libraries_VIC
Benalla Library,2 Fawckner Drive,Benalla,VIC,3671,-36.39,145.42,5762 2069,,Library,Libraries_VIC
Bendigo Research Archives Centre (BRAC),251-259 Hargreaves Street,Bendigo,VIC,3550,-36.76,144.28,5428 2700,,Library,Libraries_VIC
Bentleigh Library,161 Jasper Road,Bentleigh,VIC,3204,-37.92,145.04,9524 3700,,Library,Libraries_VIC
Berwick Library,"Berwick Mechanics’ Institute & Free Library,",Berwick,VIC,3806,-38.03,145.34,9707 3519,,Library,Libraries_VIC
Birchip Library,P-12 School Community Library,Birchip,VIC,3483,-35.98,142.75,1300 520 520,,Library,Libraries_VIC
Blackburn Library,Cnr Blackburn & Central Roads,Blackburn,VIC,3130,-37.82,145.15,9896 8400,,Library,Libraries_VIC
Bonnie Doon Library,"Bonnie Doon Community Centre,",Bonnie Doon,VIC,3720,-37.02,145.86,5778 7722,,Library,Libraries_VIC
Boronia Library,Park Crescent,Boronia,VIC,3155,-37.86,145.28,1300 737 277,,Library,Libraries_VIC
Box Hill Library,1040 Whitehorse Road,Box Hill,VIC,3128,-37.82,145.12,9896 4300,,Library,Libraries_VIC
Braybrook Library,107-109 Churchill Avenue,Braybrook,VIC,3019,-37.78,144.86,9188 5850,,Library,Libraries_VIC
Bright Library,14 Ireland Street,Bright,VIC,3741,-36.73,146.96,5755 1540,,Library,Libraries_VIC
Brighton Library,14 Wilson Street,Brighton,VIC,3186,-37.91,144.99,9261 7825,,Library,Libraries_VIC
Brighton East Library,Hurlingham Park (Locker),Brighton East,VIC,3187,-37.9,145.0,,,Library,Libraries_VIC
Broadford Library,113 High Street,Broadford,VIC,3658,-37.2,145.05,5734 6451,,Library,Libraries_VIC
Broadmeadows Library,1093 Pascoe Vale Road,Broadmeadows,VIC,3047,-37.68,144.92,9356 6900,,Library,Libraries_VIC
Brunswick Library,Cnr Sydney Road & Dawson Street,Brunswick,VIC,3056,-37.76,144.94,9389 8600,,Library,Libraries_VIC
Campbell Turnbull Library,220 Melville Road,Brunswick West,VIC,3055,-37.77,144.94,9384 9200,,Library,Libraries_VIC
Bulleen Library,"Bulleen Plaza, Manningham Road",Bulleen,VIC,3105,-37.77,145.08,9896 8450,,Library,Libraries_VIC
Camberwell Library,340 Camberwell Road,Camberwell,VIC,3124,-37.82,145.06,9278 4666,,Library,Libraries_VIC
Camperdown Library,212 Manifold Street,Camperdown,VIC,3260,-38.13,143.1,5593 2356,,Library,Libraries_VIC
Carlton Library,"667 Rathdowne Street, North Carlton",Carlton,VIC,3053,-37.78,144.97,1300 695 427,,Library,Libraries_VIC
Carnegie Library,7 Shepparson Avenue,Carnegie,VIC,3163,-37.89,145.06,9524 3700,,Library,Libraries_VIC
Caroline Springs Library,193-201 Caroline Springs Blvd,Caroline Springs,VIC,3023,-37.75,144.75,9747 5300,,Library,Libraries_VIC
Carrum Downs Library,203 Lyrebird Drive,Carrum Downs,VIC,3201,-38.09,145.19,8773 9539,,Library,Libraries_VIC
Casterton Town Hall,67 Henty Street,Casterton,VIC,3311,-37.58,141.41,5554 2444,,Library,Libraries_VIC
Castlemaine Library,212 Barker Street,Castlemaine,VIC,3450,-37.06,144.22,5472 1458,,Library,Libraries_VIC
Caulfield Library,Cnr Glen Eira & Hawthorn Roads,Caulfield,VIC,3162,-37.88,145.03,9524 3700,,Library,Libraries_VIC
Charlton Library,"Charlton Hall Supper Room, Armstrong Street",Charlton,VIC,3525,-36.27,143.43,1300 520 520,,Library,Libraries_VIC
Chelsea Library,1A Chelsea Road,Chelsea,VIC,3196,-38.06,145.12,1300 135 668,,Library,Libraries_VIC
Cheltenham Library,12 Stanley Avenue,Cheltenham,VIC,3192,-37.96,145.06,1300 135 668,,Library,Libraries_VIC
Chiltern Library,Conness Street,Chiltern,VIC,3683,-36.15,146.61,02 6028 1143,,Library,Libraries_VIC
Churchill Hub,9-11 Philip Parade,Churchill,VIC,3842,-38.32,146.42,5120 3840,,Library,Libraries_VIC
Clarinda Library,58A Viney Street,Clarinda,VIC,3169,-37.94,145.1,1300 135 668,,Library,Libraries_VIC
Clayton Library,9-15 Cooke Street,Clayton,VIC,3168,-37.93,145.12,9541 3120,,Library,Libraries_VIC
The Warehouse,36 Fraser Street,Clunes,VIC,3370,-37.29,143.79,5345 3359,,Library,Libraries_VIC
Cobden Library,55 Victoria Street,Cobden,VIC,3266,-38.34,143.14,5595 1228,,Library,Libraries_VIC
Cobram Library,14 Punt Road,Cobram,VIC,3643,-35.96,145.63,1300 374 765,,Library,Libraries_VIC
Coburg Library,Cnr Victoria & Louisa Streets,Coburg,VIC,3058,-37.73,144.96,9353 4000,,Library,Libraries_VIC
Cohuna Library,23-25 King Edward Street,Cohuna,VIC,3568,-35.84,144.34,5456 2124,,Library,Libraries_VIC
Colac Library,173 Queen Street,Colac,VIC,3250,-38.34,143.58,5231 4613,,Library,Libraries_VIC
Collingwood Library,"11 Stanton Street, Abbotsford",Collingwood,VIC,3066,-37.8,144.98,1300 695 427,,Library,Libraries_VIC
Corio Library,Cox Road (cnr Moa St),Corio,VIC,3214,-38.07,144.36,4201 0658,,Library,Libraries_VIC
Corryong Library,76 Hanson Street,Corryong,VIC,3707,-36.28,148.03,02 6076 1639,,Library,Libraries_VIC
Craigieburn Library,75-95 Central Park Avenue,Craigieburn,VIC,3064,-37.6,144.94,9356 6980,,Library,Libraries_VIC
Casey Complex,65 Berwick-Cranbourne Road,Cranbourne,VIC,3977,-38.21,145.32,5990 0150,,Library,Libraries_VIC
Creswick Library,68 Albert Street,Creswick,VIC,3363,-37.42,143.89,5345 2145,,Library,Libraries_VIC
Croydon Library,Civic Square,Croydon,VIC,3136,-37.8,145.28,1300 737 277,,Library,Libraries_VIC
Dandenong Library,225 Lonsdale Street,Dandenong,VIC,3175,-38.03,145.18,8571 1489,,Library,Libraries_VIC
Daylesford Library,33 Albert Street,Daylesford,VIC,3460,-37.31,144.09,5348 2800,,Library,Libraries_VIC
Derrinallum Library,44 Main Street,Derrinallum,VIC,3325,-37.95,143.22,5597 6658,,Library,Libraries_VIC
Dimboola Library,101 Lloyd Street,Dimboola,VIC,3414,-36.3,142.02,5391 4452,,Library,Libraries_VIC
Dingley Village Library,31C Marcus Road,Dingley Village,VIC,3172,-37.97,145.12,1300 135 668,,Library,Libraries_VIC
Library at The Dock,107 Harbour Promenade,Docklands,VIC,3008,-37.81,144.95,9658 9998,,Library,Libraries_VIC
Donald Community House,70 Woods Street,Donald,VIC,3480,-36.24,142.69,1300 520 520,,Library,Libraries_VIC
MC2,687 Doncaster Road,Doncaster,VIC,3108,-37.78,145.12,9877 8500,,Library,Libraries_VIC
Doncaster East Library,refer to “The Pines”,Doncaster East,VIC,3109,-37.81,145.19,9877 8550,,Library,Libraries_VIC
Doveton Library,24 Autumn Place,Doveton,VIC,3177,-38.0,145.24,9792 9497,,Library,Libraries_VIC
Drouin Library,136 Princes Way,Drouin,VIC,3818,-38.24,145.78,5625 1564,,Library,Libraries_VIC
Drysdale Library,2-8 Wyndham Street,Drysdale,VIC,3222,-38.16,144.56,4201 0656,,Library,Libraries_VIC
Dunolly Library,42 Market Street,Dunolly,VIC,3472,-36.92,143.76,5461 0679,,Library,Libraries_VIC
Eaglehawk Library,1 Sailors Gully Road,Eaglehawk,VIC,3556,-36.73,144.26,5446 7577,,Library,Libraries_VIC
East Melbourne Library,122 George Street,East Melbourne,VIC,3002,-37.82,144.99,9658 9600,,Library,Libraries_VIC
Echuca Library,310 Hare Street,Echuca,VIC,3564,-36.13,144.73,5481 2400,,Library,Libraries_VIC
Edenhope Library,78 Elizabeth Street,Edenhope,VIC,3318,-36.99,141.51,5585 1302,,Library,Libraries_VIC
Elsternwick Library,4 Staniland Grove,Elsternwick,VIC,3185,-37.88,145.0,9524 3700,,Library,Libraries_VIC
Eltham Library,Panther Place,Eltham,VIC,3095,-37.71,145.15,9439 9266,,Library,Libraries_VIC
Emerald Library,400B Belgrave-Gembrook Rd,Emerald,VIC,3782,-37.92,145.47,5949 4600,,Library,Libraries_VIC
Endeavour Hills Library,10 Raymond McMahon Blvd,Endeavour Hills,VIC,3802,-37.98,145.25,8782 3400,,Library,Libraries_VIC
Euroa Library,62 Binney Street,Euroa,VIC,3666,-36.71,145.64,1300 374 765,,Library,Libraries_VIC
Fairfield Library,121 Station Street,Fairfield,VIC,3078,-37.78,145.03,1300 655 355,,Library,Libraries_VIC
Fawkner Library,Jukes Road,Fawkner,VIC,3060,-37.76,144.9,9355 4200,,Library,Libraries_VIC
Ferntree Gully Library,1010 Burwood Highway,Ferntree Gully,VIC,3156,-37.88,145.3,1300 737 277,,Library,Libraries_VIC
Bargoonga Nganjin,182 St Georges Road,Fitzroy North,VIC,3068,-37.79,144.99,1300 695 427,,Library,Libraries_VIC
Flemington Library,313 Racecourse Road,Flemington,VIC,3031,-37.79,144.93,8325 1975,,Library,Libraries_VIC
Footscray Library,56 Paisley Street,Footscray,VIC,3011,-37.8,144.9,9688 0290,,Library,Libraries_VIC
Foster Library,Main Street,Foster,VIC,3960,-38.67,146.27,5682 1735,,Library,Libraries_VIC
Frankston Library,"103 Ashleigh Ave, Frankston",Frankston,VIC,3199,-38.15,145.12,9784 1020,,Library,Libraries_VIC
Community Centre,26 Mahogany Avenue,Frankston North,VIC,3200,-38.17,145.19,9784 1020,,Library,Libraries_VIC
Geelong Library,51 Little Malop Street,Geelong,VIC,3220,-38.18,145.11,4201 0600,,Library,Libraries_VIC
Geelong West Library,153A Pakington Street,Geelong West,VIC,3218,-38.14,144.35,4201 0660,,Library,Libraries_VIC
Gisborne Library,8 Hamilton Street,Gisborne,VIC,3437,-37.52,144.48,5428 3962,,Library,Libraries_VIC
Gladstone Park Library,Taylor Drive,Gladstone Park,VIC,3043,-37.69,144.88,9356 6990,,Library,Libraries_VIC
Glen Waverley Library,112 Kingsway,Glen Waverley,VIC,3150,-37.88,145.17,9518 3030,,Library,Libraries_VIC
Glenroy Library,50 Wheatsheaf Road,Glenroy,VIC,3046,-37.7,144.92,8311 4100,,Library,Libraries_VIC
Goroke Library,30 Main Street,Goroke,VIC,3412,-36.75,141.47,5386 1360,,Library,Libraries_VIC
Grantville Library,1504-1510 Bass Highway,Grantville,VIC,3984,-38.32,145.54,5672 1875,,Library,Libraries_VIC
Greensborough Library,Civic Drive,Greensborough,VIC,3088,-37.71,145.12,9434 3809,,Library,Libraries_VIC
Hamilton Library,105 Brown Street,Hamilton,VIC,3300,-37.88,141.96,5573 0470,,Library,Libraries_VIC
Western Heights College,37-61Vines Road,Hamlyn Heights,VIC,3215,-38.11,144.33,5277 1177,,Library,Libraries_VIC
Hampton Library,1D Service Street,Hampton,VIC,3188,-37.93,145.03,9261 7825,,Library,Libraries_VIC
Hampton Park Library,26 Stuart Avenue,Hampton Park,VIC,3976,-38.03,145.27,8788 8500,,Library,Libraries_VIC
Public Hall,29 Blair Street,Harrow,VIC,3317,-37.12,141.6,5588 1352,,Library,Libraries_VIC
Hastings Library,7 High Street,Hastings,VIC,3915,-38.31,145.19,5950 1710,,Library,Libraries_VIC
Hawthorn Library,584 Glenferrie Road,Hawthorn,VIC,3122,-37.84,145.05,9278 4666,,Library,Libraries_VIC
Healesville Library,231 Maroondah Highway,Healesville,VIC,3777,-37.69,145.54,1300 737 277,,Library,Libraries_VIC
Heathcote Library,125 High Street,Heathcote,VIC,3523,-36.94,144.73,5433 3734,,Library,Libraries_VIC
Heyfield Library,42 MacFarlane Street,Heyfield,VIC,3858,-37.97,146.69,5148 2644,,Library,Libraries_VIC
Glenelg Shire Council,77 Edgar Street,Heywood,VIC,3304,-38.15,141.97,5527 0666,,Library,Libraries_VIC
Highett Library,310 Highett Road,Highett,VIC,3190,-37.95,145.03,1300 135 668,,Library,Libraries_VIC
Hoppers Crossing Library,"Pacific Werribee Shopping Centre,",Hoppers Crossing,VIC,3029,-37.88,144.7,8734 2600,,Library,Libraries_VIC
Mibus Centre,28 McLachlan Street,Horsham,VIC,3400,-36.71,142.2,5382 1777,,Library,Libraries_VIC
Inverloch Library,16 A’Beckett Street,Inverloch,VIC,3996,-38.63,145.73,5674 1169,,Library,Libraries_VIC
Ivanhoe Library & Cultural Hub,275 Upper Heidelberg Road,Ivanhoe,VIC,3079,-37.77,145.04,9497 5780,,Library,Libraries_VIC
Jeparit Library,10 Roy Street,Jeparit,VIC,3423,-36.14,141.99,5391 4450,,Library,Libraries_VIC
Kangaroo Flat Library,267 High Street,Kangaroo Flat,VIC,3555,-36.83,144.23,5447 8344,,Library,Libraries_VIC
Municipal Precinct,25 Baker Street,Kaniva,VIC,3419,-36.38,141.24,5392 2723,,Library,Libraries_VIC
Keilor Library,704B Old Calder Highway,Keilor,VIC,3036,-37.72,144.83,9249 4670,,Library,Libraries_VIC
Kerang Library,Cnr Murray Valley Highway & Shadforth Street,Kerang,VIC,3579,-35.88,143.87,5452 1546,,Library,Libraries_VIC
Kew Library,Cnr Cotham Road & Civic Drive,Kew,VIC,3101,-37.81,145.04,9278 4666,,Library,Libraries_VIC
Kilmore Library,12 Sydney Road,Kilmore,VIC,3764,-37.31,144.89,5734 6451,,Library,Libraries_VIC
Kinglake Library,19 Whittlesea Road,Kinglake,VIC,3763,-37.48,145.28,5772 0333,,Library,Libraries_VIC
Vision Australia Library,454 Glenferrie Road,Kooyong,VIC,3144,-37.84,145.03,1300 654 656,,Library,Libraries_VIC
Old Borough Chambers,102 High St,Koroit,VIC,3282,-38.33,142.41,5565 8230,,Library,Libraries_VIC
Korumburra Library,165 Commercial Street,Korumburra,VIC,3950,-38.45,145.88,5655 1105,,Library,Libraries_VIC
Kyabram Library,19 Lake Road,Kyabram,VIC,3619,-37.66,144.94,5481 2867,,Library,Libraries_VIC
Kyneton Library,3 Baynton Street,Kyneton,VIC,3444,-37.09,144.51,5422 1365,,Library,Libraries_VIC
Lake Bolac Library,2110 Glenelg Highway,Lake Bolac,VIC,3351,-37.77,143.68,5350 2204,,Library,Libraries_VIC
Lakes Entrance Library,18 Mechanics Street,Lakes Entrance,VIC,3909,-37.86,147.92,5153 9500,,Library,Libraries_VIC
Lalor Library,2A May Road,Lalor,VIC,3075,-37.67,145.02,9465 2353,,Library,Libraries_VIC
Langwarrin Library,"Council Services Centre,",Langwarrin,VIC,3910,-38.15,145.19,1300 322 322,,Library,Libraries_VIC
Lara Library,5 Walkers Road,Lara,VIC,3212,-38.02,144.41,4201 0668,,Library,Libraries_VIC
Leitchville Library,King Albert Avenue,Leitchville,VIC,3567,-35.89,144.24,5456 7031,,Library,Libraries_VIC
Leongatha Library,2 Smith Street,Leongatha,VIC,3953,-38.41,146.07,5662 4829,,Library,Libraries_VIC
Leopold Library,31-39 Kensington Road,Leopold,VIC,3224,-38.18,144.46,4201 0675,,Library,Libraries_VIC
Lilydale Library,"Building LA, Box Hill Institute,",Lilydale,VIC,3140,-37.76,145.35,1300 737 277,,Library,Libraries_VIC
Little River Library,"Little River Mechanics Hall & Free Library,",Little River,VIC,3211,-37.97,144.53,,,Library,Libraries_VIC
Maffra Library,150 Johnson Street,Maffra,VIC,3860,-37.88,146.99,5147 1052,,Library,Libraries_VIC
Maldon Athenaeum,97 High Street,Maldon,VIC,3463,-36.98,143.95,5475 1326,,Library,Libraries_VIC
Mallacoota Library,70 Maurice Avenue,Mallacoota,VIC,3892,-37.55,149.73,5153 9500,,Library,Libraries_VIC
Phoenix Park,26 Rob Roy Road,Malvern East,VIC,3145,-37.88,145.04,8290 4000,,Library,Libraries_VIC
Mansfield Library,2 Collopy Street,Mansfield,VIC,3722,-37.01,146.22,5775 2176,,Library,Libraries_VIC
Maryborough Library,Cnr Alma & Nolan Streets,Maryborough,VIC,3465,-37.07,143.68,5461 9111,,Library,Libraries_VIC
narrm ngarrgu Library,141 Therry Street,Melbourne,VIC,3000,-37.81,144.97,9322 3700,,Library,Libraries_VIC
Melton Library,31 McKenzie Street,Melton,VIC,3337,-37.68,144.59,9747 5300,,Library,Libraries_VIC
Merbein Library,11 Main Avenue,Merbein,VIC,3505,-34.2,142.06,5018 8361,,Library,Libraries_VIC
Mernda Library,180 Riverdale Boulevard,Mernda,VIC,3754,-37.62,145.15,9117 6116,,Library,Libraries_VIC
Mildura Library,180 Deakin Avenue,Mildura,VIC,3500,-34.18,142.16,5018 8350,,Library,Libraries_VIC
Mill Park Library,394 Plenty Road,Mill Park,VIC,3082,-37.67,145.06,9437 8189,,Library,Libraries_VIC
Mirboo North Library,2 Brennan Street,Mirboo North,VIC,3871,-38.29,146.05,5668 1528,,Library,Libraries_VIC
Moe Library,1-29 George Street,Moe,VIC,3825,-37.7,146.36,5135 8500,,Library,Libraries_VIC
Montrose Library,Cnr Mt Dandenong Tourist & Swansea Roads,Montrose,VIC,3765,-37.81,145.34,1300 737 277,,Library,Libraries_VIC
Sam Merrifield Library,762 Mt Alexander Road,Moonee Ponds,VIC,3039,-37.77,144.92,8325 1950,,Library,Libraries_VIC
Mooroolbark Library,7 Station Street,Mooroolbark,VIC,3138,-37.77,145.33,1300 737 277,,Library,Libraries_VIC
Mooroopna Library,9-11 Morrell Street,Mooroopna,VIC,3629,-36.38,145.3,1300 374 765,,Library,Libraries_VIC
Mornington Library,Vancouver Street,Mornington,VIC,3931,-38.24,145.06,5950 1820,,Library,Libraries_VIC
Mortlake Library,101 Dunlop Street,Mortlake,VIC,3272,-38.08,142.81,5599 2410,,Library,Libraries_VIC
Morwell Library,63-65 Elgin Street,Morwell,VIC,3840,-38.28,146.32,5128 6131,,Library,Libraries_VIC
Mount Beauty Library,61 Lakeside Avenue,Mount Beauty,VIC,3699,-36.81,147.22,5754 4305,,Library,Libraries_VIC
Mount Waverley Library,41 Miller Crescent,Mount Waverley,VIC,3149,-37.88,145.13,9518 3950,,Library,Libraries_VIC
Mulgrave Library,36 Mackie Road,Mulgrave,VIC,3170,-37.87,145.1,9518 3502,,Library,Libraries_VIC
Murrayville Library,"Pioneer Park, Grey Street",Murrayville,VIC,3512,-35.22,141.09,5018 8661,,Library,Libraries_VIC
Myrtleford Library,20 O’Donnell Ave,Myrtleford,VIC,3736,-36.46,146.48,5751 1591,,Library,Libraries_VIC
Nagambie Library,352 High Street,Nagambie,VIC,3608,-36.7,145.03,1300 374 765,,Library,Libraries_VIC
Narre Warren Library,"2 Patrick NE Drive, Narre Warren",Narre Warren,VIC,3805,-38.02,145.3,8782 3300,,Library,Libraries_VIC
Nathalia Library,75 Blake Street,Nathalia,VIC,3638,-36.15,145.17,1300 374 765,,Library,Libraries_VIC
Neerim South Library,Neerim East Road,Neerim South,VIC,3831,-37.96,145.99,5628 1621,,Library,Libraries_VIC
Newcomb Library,Bellarine Hwy (cnr Wilsons Road),Newcomb,VIC,3219,-38.18,144.38,4201 0657,,Library,Libraries_VIC
Library at Newport Community Hub,13 Mason St,Newport,VIC,3015,-37.84,144.88,,,Library,Libraries_VIC
Nhill Library,5 Clarence Street,Nhill,VIC,3418,-36.17,141.33,5391 4449,,Library,Libraries_VIC
Niddrie Library,483 Keilor Road,Niddrie,VIC,3042,-37.71,144.89,8325 1925,,Library,Libraries_VIC
North Melbourne Library,66 Errol Street,North Melbourne,VIC,3051,-37.91,145.06,9658 9700,,Library,Libraries_VIC
Northcote Library,32-38 Separation Street,Northcote,VIC,3070,-37.77,145.0,1300 655 355,,Library,Libraries_VIC
Numurkah Library,18 McCaskill Streets,Numurkah,VIC,3636,-36.14,145.5,1300 374 765,,Library,Libraries_VIC
Nunawading Library,379 Whitehorse Road,Nunawading,VIC,3131,-37.84,145.18,9872 8600,,Library,Libraries_VIC
Oakleigh Library,148 Drummond Street,Oakleigh,VIC,3166,-37.9,145.08,9518 3970,,Library,Libraries_VIC
Ocean Grove Library,Presidents Ave (cnr The Avenue),Ocean Grove,VIC,3226,-38.27,144.54,4201 0655,,Library,Libraries_VIC
Omeo Library,179 Day Avenue,Omeo,VIC,3898,-37.02,147.47,5153 9500,,Library,Libraries_VIC
Orbost Library,1 Ruskin Street,Orbost,VIC,3888,-37.15,148.88,5153 9500,,Library,Libraries_VIC
Ouyen Library,79 Oke Street,Ouyen,VIC,3490,-35.2,141.6,5018 8600,,Library,Libraries_VIC
Pakenham Library,Cnr John & Henry Streets,Pakenham,VIC,3810,-38.08,145.49,5940 6200,,Library,Libraries_VIC
Parkdale Library,96 Parkers Road,Parkdale,VIC,3195,-38.03,145.1,1300 135 668,,Library,Libraries_VIC
Patterson Lakes Library,54 Thompsons Road,Patterson Lakes,VIC,3197,-38.08,145.12,1300 135 668,,Library,Libraries_VIC
Paynesville Library,55 The Esplanade,Paynesville,VIC,3880,-37.92,147.69,5153 9500,,Library,Libraries_VIC
Point Cook Library,1-21 Cheetham Street,Point Cook,VIC,3030,-37.97,144.58,9395 7966,,Library,Libraries_VIC
Poowong Library,18 Ranceby Road,Poowong,VIC,3988,-38.29,145.89,5659 2349,,Library,Libraries_VIC
Port Fairy Library,65 Sackville Street,Port Fairy,VIC,3284,-38.21,142.15,5568 2248,,Library,Libraries_VIC
Port Melbourne Library,333 Bay Street,Port Melbourne,VIC,3207,-37.83,144.96,9209 6644,,Library,Libraries_VIC
Portland Library,38 Bentinck Street,Portland,VIC,3305,-38.27,141.65,5522 2265,,Library,Libraries_VIC
Prahran Library,"PMI Victorian History Library,",Prahran,VIC,3181,-37.85,144.99,9510 3393,,Library,Libraries_VIC
Preston Library,266 Gower Street,Preston,VIC,3072,-37.74,145.03,1300 655 355,,Library,Libraries_VIC
Quambatook Library,Guthrie Street,Quambatook,VIC,3540,-35.76,143.45,5457 1220,,Library,Libraries_VIC
Queenscliff Library,55 Hesse Street,Queenscliff,VIC,3225,-38.29,144.61,4201 0663,,Library,Libraries_VIC
Rainbow Library,49 Federal Street,Rainbow,VIC,3424,-35.69,141.97,5391 4451,,Library,Libraries_VIC
Red Cliffs Library,Jamieson Ave,Red Cliffs,VIC,3496,-34.29,142.15,5018 8366,,Library,Libraries_VIC
Reservoir Library,23 Edwardes Street,Reservoir,VIC,3073,-37.69,145.01,1300 655 355,,Library,Libraries_VIC
Richmond Library,415 Church Street,Richmond,VIC,3121,-37.83,145.01,1300 695 427,,Library,Libraries_VIC
Ringwood Library,"179 Maroondah High, Ringwood",Ringwood,VIC,3134,-37.81,145.23,1300 737 277,,Library,Libraries_VIC
Robinvale Library,88 George Street,Robinvale,VIC,3549,-34.85,142.83,5036 2461,,Library,Libraries_VIC
Rochester Library,Cnr Gillies & Moore St (Temporary),Rochester,VIC,3561,-36.3,144.67,5481 2868,,Library,Libraries_VIC
Romsey Library,98 Main Street,Romsey,VIC,3434,-37.39,144.64,5429 3086,,Library,Libraries_VIC
Rosebud Library,McDowell Street,Rosebud,VIC,3939,-38.4,144.9,5950 1230,,Library,Libraries_VIC
Rosedale Library,2-8 Cansick Street,Rosedale,VIC,3847,-38.26,146.75,5199 2547,,Library,Libraries_VIC
Rowville Library,"Stud Park Shopping Centre, Stud Rd",Rowville,VIC,3178,-37.93,145.24,1300 737 277,,Library,Libraries_VIC
Rushworth Library,34 Esmonde Street (Temporary),Rushworth,VIC,3612,-36.59,144.95,5481 2873,,Library,Libraries_VIC
Rutherglen Library,153 High Street,Rutherglen,VIC,3685,-36.1,146.22,1300 365 003,,Library,Libraries_VIC
Sale Library,70 Foster Street,Sale,VIC,3850,-38.42,147.08,5142 3575,,Library,Libraries_VIC
San Remo Library,92 Back Beach Road,San Remo,VIC,3925,-38.54,145.34,5644 3320,,Library,Libraries_VIC
Sandringham Library,2-8 Waltham Street,Sandringham,VIC,3191,-37.95,145.01,9261 7825,,Library,Libraries_VIC
Tyrell College,10 Sutcliffe Street,Sea Lake,VIC,3533,-35.36,142.79,1300 520 520,,Library,Libraries_VIC
Seaford Community Centre,1/6R Broughton Street,Seaford,VIC,3198,-38.11,145.16,9784 1048,,Library,Libraries_VIC
Sebastopol Library,181 Albert Street,Sebastopol,VIC,3356,-37.59,143.83,5335 7985,,Library,Libraries_VIC
Seymour Library,125 Anzac Avenue,Seymour,VIC,3660,-37.09,145.5,5734 6453,,Library,Libraries_VIC
Shepparton Library,41-42 Marungi Street,Shepparton,VIC,3630,-36.36,145.4,1300 374 765,,Library,Libraries_VIC
Skipton Library,"5 Anderson Street, Skipton",Skipton,VIC,3361,-37.78,143.41,5597 6658,,Library,Libraries_VIC
Somerville Library,1085 Frankston Flinders Road,Somerville,VIC,3912,-38.2,145.23,5950 1638,,Library,Libraries_VIC
Sorrento Community Centre,860-868 Melbourne Road,Sorrento,VIC,3943,-38.34,144.74,5984 3360,,Library,Libraries_VIC
Southbank Library at Boyd,"207 City Rd, 3006",Southbank,VIC,3006,-37.82,144.97,9658 8300,,Library,Libraries_VIC
Springvale Library,5 Hillcrest Grove,Springvale,VIC,3171,-37.95,145.16,8571 5398,,Library,Libraries_VIC
St Albans Library,71A Alfrieda Street,St Albans,VIC,3021,-37.75,144.77,9249 4650,,Library,Libraries_VIC
St Arnaud Library,"Market Square, Rear 40 Napier St",St Arnaud,VIC,3478,-36.54,142.92,5495 2188,,Library,Libraries_VIC
St Kilda Library,150 Carlisle Street,St Kilda,VIC,3182,-37.87,144.98,9209 6655,,Library,Libraries_VIC
Stawell Library,7-9 Sloane Street,Stawell,VIC,3380,-37.16,142.7,5358 1274,,Library,Libraries_VIC
Stratford Library,70 Tyers Street,Stratford,VIC,3862,-37.57,147.19,5145 6403,,Library,Libraries_VIC
Sunbury Library,44 Macedon Street,Sunbury,VIC,3429,-37.58,144.73,9356 6970,,Library,Libraries_VIC
Sunshine Library,301 Hampshire Road,Sunshine,VIC,3020,-37.78,144.82,9249 4640,,Library,Libraries_VIC
Swan Hill Library,53 Campbell Street,Swan Hill,VIC,3585,-35.42,143.59,5036 2480,,Library,Libraries_VIC
Sydenham Library,"1 Station St, Taylors Lakes",Sydenham,VIC,3037,-37.72,144.78,9249 4680,,Library,Libraries_VIC
Tallangatta Library,35 Towong Street,Tallangatta,VIC,3700,-36.18,147.34,02 6071 2955,,Library,Libraries_VIC
Tatura Library,12-16 Casey Street,Tatura,VIC,3616,-36.42,145.07,1300 374 765,,Library,Libraries_VIC
Terang Library,135 High Street,Terang,VIC,3264,-38.24,142.91,5592 1397,,Library,Libraries_VIC
Thomastown Library,52 Main Street,Thomastown,VIC,3074,-37.68,145.01,9464 1864,,Library,Libraries_VIC
Timboon Library,Wark Street,Timboon,VIC,3268,-38.42,142.86,5598 3394,,Library,Libraries_VIC
Tongala Library,Mangan Street,Tongala,VIC,3621,-36.27,144.85,5481 2821,,Library,Libraries_VIC
Toora Mechanics’ Institute Library,23 Gray Street,Toora,VIC,3962,-38.67,146.4,5676 2360,,Library,Libraries_VIC
Toorak Library,340 Toorak Road,Toorak,VIC,3142,-37.84,145.0,8290 8000,,Library,Libraries_VIC
Torquay Library,"Surf City Plaza, Beach Road",Torquay,VIC,3228,-38.33,144.26,4201 0667,,Library,Libraries_VIC
Traralgon Library,34-38 Kay Street,Traralgon,VIC,3844,-38.41,146.64,5176 3300,,Library,Libraries_VIC
Trentham Library,13 Albert Street,Trentham,VIC,3458,-37.45,144.29,5424 1326,,Library,Libraries_VIC
Vermont South Library,Pavey Place,Vermont South,VIC,3133,-37.84,145.19,9872 8650,,Library,Libraries_VIC
Violet Town Library,Cowslip Street,Violet Town,VIC,3669,-36.7,145.77,1300 374 765,,Library,Libraries_VIC
Wallan Library,Wellington Square Shopping Centre,Wallan,VIC,3756,-37.4,144.8,5734 6454,,Library,Libraries_VIC
Wangaratta Library,21 Docker Street,Wangaratta,VIC,3676,-36.34,146.34,5721 2366,,Library,Libraries_VIC
Wantirna South Library,"Knox City Shopping Centre, Shop 1001/509,",Wantirna South,VIC,3152,-37.87,145.24,1300 737 277,,Library,Libraries_VIC
Warracknabeal Library,36 Lyle St,Warracknabeal,VIC,3393,-36.33,142.36,5398 0100,,Library,Libraries_VIC
Warragul Library,75 Victoria Street,Warragul,VIC,3820,-38.21,145.96,5622 2848,,Library,Libraries_VIC
Warrandyte Community Centre,168 Yarra Street,Warrandyte,VIC,3113,-37.73,145.22,9895 4250,,Library,Libraries_VIC
Warrnambool Library,8 Kepler Street,Warrnambool,VIC,3280,-38.36,142.44,5559 4990,,Library,Libraries_VIC
Watsonia Library,4-6 Ibbottson Street,Watsonia,VIC,3087,-37.71,145.08,9435 2397,,Library,Libraries_VIC
Welshpool Library,14 Main Street,Welshpool,VIC,3966,-38.58,146.45,5688 1051,,Library,Libraries_VIC
Wendouree Library,"Stockland Wendouree, Gillies Street",Wendouree,VIC,3355,-37.55,143.82,5339 3505,,Library,Libraries_VIC
West Footscray Library,539 Barkly Street,West Footscray,VIC,3012,-37.81,144.85,9688 0292,,Library,Libraries_VIC
Whittlesea Library,57-61 Laurel Street,Whittlesea,VIC,3757,-37.45,145.11,9716 3028,,Library,Libraries_VIC
Williams Landing Library Lounge,1/101 Overton Road,Williams Landing,VIC,3027,-37.86,144.76,8754 4978,,Library,Libraries_VIC
Williamstown Library,104 Ferguson Street,Williamstown,VIC,3016,-37.86,144.9,,,Library,Libraries_VIC
Hyphen Wodonga Library Gallery,126 Hovell St,Wodonga,VIC,3689,-37.68,144.99,02 6022 9330,,Library,Libraries_VIC
Wonthaggi Library,Murray Street,Wonthaggi,VIC,3995,-38.53,145.45,5672 1875,,Library,Libraries_VIC
Woodend Library,Cnr High & Forest Streets,Woodend,VIC,3442,-37.39,144.45,5427 2074,,Library,Libraries_VIC
Community Resource Centre,280 Broadway,Wycheproof,VIC,3527,-36.06,143.39,1300 520 520,,Library,Libraries_VIC
Wyndham Vale Library,86 Manor Lakes Blvd,Wyndham Vale,VIC,3024,-37.9,144.56,8734 8930,,Library,Libraries_VIC
Yackandandah Library,34 High Street,Yackandandah,VIC,3749,-36.41,146.86,02 6028 1180,,Library,Libraries_VIC
Yarra Junction Library,Hoddle Street,Yarra Junction,VIC,3797,-37.86,145.71,1300 737 277,,Library,Libraries_VIC
Yarram Library,156 Grant Street,Yarram,VIC,3971,-38.61,146.67,5182 5135,,Library,Libraries_VIC
Yarraville Library,32 Wembley Avenue,Yarraville,VIC,3013,-37.82,144.89,9688 0294,,Library,Libraries_VIC
Yarrawonga Library,26-39 Belmore Street,Yarrawonga,VIC,3730,-36.03,146.08,1300 374 765,,Library,Libraries_VIC
Yea Library,The Semi Circle,Yea,VIC,3717,-37.34,145.29,5772 0333,,Library,Libraries_VIC
Agnes Water QGAP,71 Springs Road,Agnes Water,QLD,4677,-24.212252,151.910144,13 QGOV (13 74 68),"Monday: 9:00 - 16:30
Tuesday: 9:00 - 16:30
Wednesday: 9:00 - 16:30
Thursday: 9:00 - 16:30
Friday: 9:00 - 16:30
Saturday: NA
Sunday: NA",Library,Libraries_QLD
Aramac QGAP,58 Gordon Street,Aramac,QLD,4726,-22.970524,145.242898,4651 3359,"Monday: 9:00-13:00 - 13:30-16:00
Tuesday: 9:00-13:00 - 13:30-16:00
Wednesday: 9:00-13:00 - 13:30-16:00
Thursday: 9:00-13:00 - 13:30-16:00
Friday: 9:00-13:00 - 13:30-16:00
Saturday: NA
Sunday: NA",Library,Libraries_QLD
Augathella QGAP,"Augathella Visitors Centre, 98 Main Street",Augathella,QLD,4477,-25.795825,146.581712,4654 5007,"Monday: 9:30-12:30 - 13:30-15:30
Tuesday: 9:30-12:30 - 13:30-15:30
Wednesday: 9:30-12:30 - 13:30-15:30
Thursday: 9:30-12:30 - 13:30-15:30
Friday: 9:30-12:30 - 13:30-16:00
Saturday: NA
Sunday: NA",Library,Libraries_QLD
Ayr QGAP,"Ayr Magistrates Court, 163 Queen Street",Ayr,QLD,4807,-19.5758409,147.4050228,47842801,"Monday: 8:30 - 16:30
Tuesday: 8:30 - 16:30
Wednesday: 8:30 - 16:30
Thursday: 9:30 - 16:30
Friday: 8:30 - 16:30
Saturday: NA
Sunday: NA",Library,Libraries_QLD
Babinda QGAP,10 Munro Street,Babinda,QLD,4861,-17.343982,145.924292,40615999,"Monday: 8:00 - 15:30
Tuesday: 8:00 - 15:30
Wednesday: NA
Thursday: 8:00 - 15:30
Friday: 8:00 - 15:00
Saturday: NA
Sunday: NA",Library,Libraries_QLD
Barcaldine QGAP,"Barcaldine Magistrates Court, 65 Ash Street",Barcaldine,QLD,4725,-23.553474,145.290261,4651 2795,"Monday: 9:00 - 12:30 - 13:30 - 16:30
Tuesday: 9:00 - 12:30 - 13:30 - 16:30
Wednesday: 10:00 - 12:30 - 13:30 - 16:30
Thursday: 9:00 - 12:30 - 13:30 - 16:30
Friday: 9:00 - 12:30 - 13:30 - 16:30
Saturday: NA
Sunday: NA",Library,Libraries_QLD
Beaudesert QGAP,"Tenancy 2, 1 Telemon Street",Beaudesert,QLD,4285,-27.988324,152.99542,13 QGOV (13 74 68),"Monday: 8:30 - 16:30
Tuesday: 8:30 - 16:30
Wednesday: 9:30 - 16:30
Thursday: 8:30 - 16:30
Friday: 8:30 - 16:30
Saturday: NA
Sunday: NA",Library,Libraries_QLD
Bedourie QGAP,"Police Station, Merri Street",Bedourie,QLD,4829,-24.358787,139.469664,4744 1601,"Monday: NA
Tuesday: NA
Wednesday: 8:00 - 16:00
Thursday: 8:00 - 16:00
Friday: NA
Saturday: NA
Sunday: NA",Library,Libraries_QLD
Biloela QGAP,Cnr Grevillea and Melton Streets,Biloela,QLD,4715,-24.400826,150.513251,4992 8700,"Monday: 8:30 - 12:30 - 13:30 - 16:30
Tuesday: 8:30 - 12:30 - 13:30 - 16:30
Wednesday: 9:30 - 12:30 - 13:30 - 16:30
Thursday: 8:30 - 12:30 - 13:30 - 16:30
Friday: 8:30 - 12:30 - 13:30 - 16:30
Saturday: NA
Sunday: NA",Library,Libraries_QLD
Birdsville QGAP,"Police Station, 17 MacDonald Street",Birdsville,QLD,4482,-25.901947,139.349082,4744 1663,"Monday: NA
Tuesday: NA
Wednesday: NA
Thursday: NA
Friday: NA
Saturday: NA
Sunday: NA",Library,Libraries_QLD
Blackall QGAP,Shamrock Street,Blackall,QLD,4472,-24.421675,145.45902,4657 4233,"Monday: 9:00-13:00 - 14:00-16:30
Tuesday: 9:00-13:00 - 14:00-16:30
Wednesday: 9:00-13:00 - 14:00-16:30
Thursday: 9:00-13:00 - 14:00-16:30
Friday: 9:00-13:00 - 14:00-16:30
Saturday: NA
Sunday: NA",Library,Libraries_QLD
Blackbutt QGAP,69 Hart Street,Blackbutt,QLD,4314,-26.884029,152.101976,4163 0030,"Monday: 9:00-12:00 - 13:00-16:00
Tuesday: 9:00-12:00 - 13:00-16:00
Wednesday: 9:00-12:00 - 13:00-16:00
Thursday: 9:00-12:00 - 13:00-16:00
Friday: 9:00-12:00 - 13:00-16:00
Saturday: NA
Sunday: NA",Library,Libraries_QLD
Boonah QGAP,70 High Street,Boonah,QLD,4310,-27.996542,152.682354,13 QGOV (13 74 68),"Monday: 8:30 - 16:30
Tuesday: 8:30 - 16:30
Wednesday: 8:30 - 16:30
Thursday: 8:30 - 16:30
Friday: 8:30 - 16:30
Saturday: NA
Sunday: NA",Library,Libraries_QLD
Boulia QGAP,"Boulia Police Station, 39 Herbert Street",Boulia,QLD,4829,-22.909859,139.906762,4744 1642,"Monday: NA
Tuesday: 8:00 - 15:30
Wednesday: 8:00 - 15:30
Thursday: NA
Friday: NA
Saturday: NA
Sunday: NA",Library,Libraries_QLD
Brisbane QGSC,"Upper Plaza (access via the corner of George & Charlotte Streets), 33 Charlotte Street",Brisbane,QLD,4000,-27.472,153.02591,13 QGOV (13 74 68),"Monday: 8:30 - 16:30
Tuesday: 8:30 - 16:30
Wednesday: 9:30 - 16:30
Thursday: 8:30 - 16:30
Friday: 8:30 - 16:30
Saturday: NA
Sunday: NA",Library,Libraries_QLD
Cairns QGSC,"William McCormack Place Ground Floor, 5B Sheridan Street",Cairns,QLD,4870,-16.92641,145.77538,13 QGOV (13 74 68),"Monday: 8:30 - 16:30
Tuesday: 8:30 - 16:30
Wednesday: 9:30 - 16:30
Thursday: 8:30 - 16:30
Friday: 8:30 - 16:30
Saturday: NA
Sunday: NA",Library,Libraries_QLD
Camooweal QGAP,Barkly Street,Camooweal,QLD,4828,-19.921387,138.1179982,4748 2025,"Monday: NA
Tuesday: NA
Wednesday: NA
Thursday: NA
Friday: NA
Saturday: NA
Sunday: NA",Library,Libraries_QLD
Cannonvale QGAP,"Shops 5 - 7, 11 Island Drive",Cannonvale,QLD,4802,-20.278079,148.700917,13 QGOV (13 74 68),"Monday: 9:00-12:00 - 13:00-16:30
Tuesday: 9:00-12:00 - 13:00-16:30
Wednesday: 9:30-12:00 - 13:00-16:30
Thursday: 9:00-12:00 - 13:00-16:30
Friday: 9:00-12:00 - 13:00-16:30
Saturday: NA
Sunday: NA",Library,Libraries_QLD
Childers QGAP,67 Churchill Street,Childers,QLD,4660,-25.23571,152.277821,4126 1455,"Monday: 8:30-13:00 - 14:00-16:00
Tuesday: 8:30-13:00 - 14:00-16:00
Wednesday: 9:30-13:00 - 14:00-16:00
Thursday: 8:30-13:00 - 14:00-16:00
Friday: 8:30-13:00 - 14:00-16:00
Saturday: NA
Sunday: NA",Library,Libraries_QLD
Chinchilla QGAP,"Chinchilla Magistrates Court, 90 Heeney Street",Chinchilla,QLD,4413,-26.740124,150.624897,07 4672 4650 or 13 23 80,"Monday: 8:30-13:00 - 14:00-16:00
Tuesday: 8:30-13:00 - 14:00-16:00
Wednesday: 9:30-13:00 - 14:00-16:00
Thursday: 8:30-13:00 - 14:00-16:00
Friday: 8:30-13:00 - 14:00-16:00
Saturday: NA
Sunday: NA",Library,Libraries_QLD
Clermont QGAP,44 Daintree Street,Clermont,QLD,4721,-22.824185,147.639695,13 QGOV (13 74 68),"Monday: 9:00-12:30 - 13:30-16:30
Tuesday: 9:00-12:30 - 13:30-16:30
Wednesday: 10:00-12:30 - 13:30-16:30
Thursday: 9:00-12:30 - 13:30-16:30
Friday: 9:00-12:30 - 13:30-16:30
Saturday: NA
Sunday: NA",Library,Libraries_QLD
Collinsville QGAP,62 Sonoma Street,Collinsville,QLD,4804,-20.548952,147.84234,4785 5567,"Monday: 9:00-12:30 - 14:00-16:30
Tuesday: 9:00-12:30 - 14:00-16:30
Wednesday: 9:00-12:30 - 14:00-16:30
Thursday: 9:00-12:30 - 14:00-16:30
Friday: 9:00-12:30 - 14:00-16:30
Saturday: NA
Sunday: NA",Library,Libraries_QLD
Cooktown QGAP,"Cooktown Magistrates Court, 172 Charlotte Street",Cooktown,QLD,4895,-15.461084,145.250666,4082 1000,"Monday: 8:30 - 16:30
Tuesday: 8:30 - 16:30
Wednesday: 8:30 - 16:30
Thursday: 8:30 - 16:30
Friday: 8:30 - 16:30
Saturday: NA
Sunday: NA",Library,Libraries_QLD
Croydon QGAP,63 Samwell Street,Croydon,QLD,4871,-18.203578,142.244151,4748 7101,"Monday: 9:30 - 15:30
Tuesday: 9:30 - 15:30
Wednesday: NA
Thursday: 9:30 - 15:30
Friday: NA
Saturday: NA
Sunday: NA",Library,Libraries_QLD
Crows Nest QGAP,"Heritage Bank Building, 16 Charlotte Street",Crows Nest,QLD,4355,-27.260552,152.056337,4513 1000,"Monday: 9:30 - 15:30
Tuesday: 9:30 - 15:30
Wednesday: 9:30 - 15:30
Thursday: 9:30 - 15:30
Friday: 9:30 - 15:30
Saturday: NA
Sunday: NA",Library,Libraries_QLD
Cunnamulla QGAP,"Cunnamulla Magistrates Court, 5 Stockyard Street",Cunnamulla,QLD,4490,-28.069178,145.682094,4564 3900,"Monday: 9:00-13:00 - 14:00-16:00
Tuesday: 9:00-13:00 - 14:00-16:00
Wednesday: 9:30-13:00 - 14:00-16:00
Thursday: 9:00-13:00 - 14:00-16:00
Friday: 9:00-13:00 - 14:00-16:00
Saturday: NA
Sunday: NA",Library,Libraries_QLD
Dirranbandi QGAP,"Dirranbandi Rural Transaction Centre, 35 - 37 Railway Street",Dirranbandi,QLD,4486,-28.585558,148.226806,4625 8411,"Monday: 9:00-12:30 - 13:00 - 15:30
Tuesday: 9:00-12:30 - 13:00 - 15:30
Wednesday: 9:00-12:30 - 13:00 - 15:30
Thursday: 9:00-12:30 - 13:00 - 15:30
Friday: 9:00-12:30 - 13:00 - 15:30
Saturday: NA
Sunday: NA",Library,Libraries_QLD
Eidsvold QGAP,48 Moreton St,Eidsvold,QLD,4627,-25.3711,151.12242,0493 611 180,"Monday: NA
Tuesday: NA
Wednesday: 9:30-13:00 - 13:30-15:00
Thursday: NA
Friday: 9:30-13:00 - 13:30-15:00
Saturday: NA
Sunday: NA",Library,Libraries_QLD
Gatton QGAP,7 William Street,Gatton,QLD,4343,-27.556708,152.279134,4617 7470,"Monday: 8:30 - 16:30
Tuesday: 8:30 - 16:30
Wednesday: 9:30 - 16:30
Thursday: 8:30 - 16:30
Friday: 8:30 - 16:30
Saturday: NA
Sunday: NA",Library,Libraries_QLD
Gayndah QGAP,"Gayndah Magistrates Court, 20 Capper Street",Gayndah,QLD,4625,-25.625276,151.609063,4161 4100,"Monday: 8:45-13:00 - 14:00-16:30
Tuesday: 8:45-13:00 - 14:00-16:30
Wednesday: 9:30-13:00 - 14:00-16:30
Thursday: 8:45-13:00 - 14:00-16:30
Friday: 8:45-13:00 - 14:00-16:30
Saturday: NA
Sunday: NA",Library,Libraries_QLD
Georgetown QGAP,12 High Street,Georgetown,QLD,4871,-18.291532,143.547598,4029 5201,"Monday: 9:00-13:00 - 13:45-16:00
Tuesday: 9:00-13:00 - 13:45-16:00
Wednesday: 9:00-13:00 - 13:45-16:00
Thursday: 9:00-13:00 - 13:45-16:00
Friday: 9:00-13:00 - 13:45-16:00
Saturday: NA
Sunday: NA",Library,Libraries_QLD
Goombungee QGAP,89 Mocatta Street,Goombungee,QLD,4354,-27.3039,151.851899,4696 5985,"Monday: 9:00 - 16:00
Tuesday: 9:00 - 16:00
Wednesday: 9:00 - 16:00
Thursday: 9:00 - 16:00
Friday: 9:00 - 16:00
Saturday: NA
Sunday: NA",Library,Libraries_QLD
Herberton QGAP,57A Grace Street,Herberton,QLD,4887,-17.383815,145.38684,13 QGOV (13 74 68),"Monday: NA
Tuesday: NA
Wednesday: NA
Thursday: 9:00-13:00 - 13:30-15:30
Friday: NA
Saturday: NA
Sunday: NA",Library,Libraries_QLD
Hughenden QGAP,65 Brodie Street,Hughenden,QLD,4821,-20.842198,144.200179,4447 9209,"Monday: 9:00-13:00 - 13:45-16:00
Tuesday: 9:00-13:00 - 13:45-16:00
Wednesday: 9:00-13:00 - 13:45-16:00
Thursday: 9:00-13:00 - 13:45-16:00
Friday: 9:00-13:00 - 13:45-16:00
Saturday: NA
Sunday: NA",Library,Libraries_QLD
Inglewood QGAP,25 Albert Street,Inglewood,QLD,4387,-28.414003,151.083564,13 QGOV (13 74 68),"Monday: 10:00-12:00 - 12:30-14:30
Tuesday: 10:00-12:00 - 12:30-14:30
Wednesday: 10:00-12:00 - 12:30-14:30
Thursday: 10:00-12:00 - 12:30-14:30
Friday: NA
Saturday: NA
Sunday: NA",Library,Libraries_QLD
Ingham QGAP,"Ingham Magistrates Court, 35 Palm Terrace",Ingham,QLD,4850,-18.651112,146.154617,13 QGOV (13 74 68),"Monday: 8:30 - 16:30
Tuesday: 8:30 - 16:30
Wednesday: 9:30 - 16:30
Thursday: 8:30 - 16:30
Friday: 8:30 - 16:30
Saturday: NA
Sunday: NA",Library,Libraries_QLD
Injune QGAP,Hutton Street,Injune,QLD,4454,-25.845031,148.564292,4626 0502,"Monday: 8:30-12:00 - 13:00-16:30
Tuesday: 8:30-12:00 - 13:00-16:30
Wednesday: 8:30-12:00 - 13:00-16:30
Thursday: 8:30-12:00 - 13:00-16:30
Friday: 8:30-12:00 - 13:00-16:30
Saturday: NA
Sunday: NA",Library,Libraries_QLD
Isisford QGAP,"Police Station, St Mary Street",Isisford,QLD,4731,-24.260219,144.438698,4652 5133,"Monday: NA
Tuesday: NA
Wednesday: NA
Thursday: NA
Friday: NA
Saturday: NA
Sunday: NA",Library,Libraries_QLD
Jandowae QGAP,Corner of George and High Streets,Jandowae,QLD,4410,-26.78116,151.110075,4668 5488,"Monday: 9:00 - 16:00
Tuesday: 9:00 - 16:00
Wednesday: 9:00 - 16:00
Thursday: 9:00 - 16:00
Friday: 9:00 - 16:00
Saturday: NA
Sunday: NA",Library,Libraries_QLD
Julia Creek QGAP,"Julia Creek Magistrates Court, 14 Burke Street",Julia Creek,QLD,4823,-20.65712,141.74839,4746 7162,"Monday: NA
Tuesday: 9.00-12.30 - 13.15-16.00
Wednesday: 9.00-12.30 - 13.15-16.00
Thursday: 9.00-12.30 - 13.15-16.00
Friday: NA
Saturday: NA
Sunday: NA",Library,Libraries_QLD
Jundah QGAP,"Police Station, Dickson Street",Jundah,QLD,4736,-24.831455,143.058856,4652 5113,"Monday: NA
Tuesday: NA
Wednesday: NA
Thursday: NA
Friday: NA
Saturday: NA
Sunday: NA",Library,Libraries_QLD
Kilkivan QGAP,26 Bligh Street,Kilkivan,QLD,4600,-26.085338,152.241388,5484 1859,"Monday: 8:30 - 16:30
Tuesday: 8:30 - 16:30
Wednesday: 8:30 - 16:30
Thursday: 8:30 - 16:30
Friday: 8:30 - 16:30
Saturday: NA
Sunday: NA",Library,Libraries_QLD
Laidley QGAP,9 Spicer Street,Laidley,QLD,4341,-27.629922,152.395304,1300 005 872,"Monday: 9:00 - 16:00
Tuesday: 9:00 - 16:00
Wednesday: 9:00 - 16:00
Thursday: 9:00 - 16:00
Friday: 9:00 - 16:00
Saturday: NA
Sunday: NA",Library,Libraries_QLD
Landsborough QGAP,12 Caloundra Street,Landsborough,QLD,4550,-26.8099298,152.9660608,13 QGOV (13 74 68),"Monday: 9:00-12:30 - 13:00-16:00
Tuesday: 9:00-12:30 - 13:00-16:00
Wednesday: 9:00-12:30 - 13:00-16:00
Thursday: 9:00-12:30 - 13:00-16:00
Friday: 9:00-12:30 - 13:00-16:00
Saturday: NA
Sunday: NA",Library,Libraries_QLD
Lowood QGAP,1 Michel Street,Lowood,QLD,4311,-27.463471,152.580387,5425 9103,"Monday: 9:00-12:00 - 13:00-16:00
Tuesday: 9:00-12:00 - 13:00-16:00
Wednesday: 9:00-12:00 - 13:00-16:00
Thursday: 9:00-12:00 - 13:00-16:00
Friday: 9:00-12:00 - 13:00-16:00
Saturday: NA
Sunday: NA",Library,Libraries_QLD
Malanda QGAP,"Malanda Police Station, 29 James Street",Malanda,QLD,4885,-17.35272236,145.595679,13 QGOV (13 74 68),"Monday: NA
Tuesday: NA
Wednesday: 9:00-13:00 - 13:30-15:30
Thursday: NA
Friday: NA
Saturday: NA
Sunday: NA",Library,Libraries_QLD
Maleny QGAP,"Police Station, 10-14 Macadamia Drive",Maleny,QLD,4552,-26.758609,152.849285,5420 5333,"Monday: 9:00-12:00 - 12:30-14:00
Tuesday: 9:00-12:00 - 12:30-14:00
Wednesday: NA
Thursday: 9:00-12:00 - 12:30-14:00
Friday: NA
Saturday: NA
Sunday: NA",Library,Libraries_QLD
Maroochydore QGSC,"Mike Ahern Centre, Ground floor, 12 First Avenue",Maroochydore,QLD,4558,-26.65509,153.09291,13 QGOV (13 74 68),"Monday: 8:30 - 16:30
Tuesday: 8:30 - 16:30
Wednesday: 9:30 - 16:30
Thursday: 8:30 - 16:30
Friday: 8:30 - 16:30
Saturday: NA
Sunday: NA",Library,Libraries_QLD
Mary Valley QGAP,45 Main Street,Kandanga,QLD,4570,-26.38692,152.676474,5484 3203,"Monday: 9:00 - 17:00
Tuesday: 9:00 - 17:00
Wednesday: 9:00 - 17:00
Thursday: 9:00 - 17:00
Friday: 9:00 - 17:00
Saturday: NA
Sunday: NA",Library,Libraries_QLD
Middlemount QGAP,"Middlemount Shopping Centre, James Randall Court",Middlemount,QLD,4746,-22.809045,148.698902,4985 7255,"Monday: 8:30-12:30 - 13:30-16:00
Tuesday: 8:30-12:30 - 13:30-16:00
Wednesday: 8:30-12:30 - 13:30-16:00
Thursday: 8:30-12:30 - 13:30-16:00
Friday: 8:30-12:30 - 13:30-16:00
Saturday: NA
Sunday: NA",Library,Libraries_QLD
Miles QGAP,"Police Station, 32 Constance Street",Miles,QLD,4415,-26.657153,150.185786,4627 1177,"Monday: 9:00-12:30 - 13.30-16:00
Tuesday: 9:00-12:30 - 13.30-16:00
Wednesday: 9:00-12:30 - 13.30-16:00
Thursday: 9:00-12:30 - 13.30-16:00
Friday: 9:00-12:30 - 13.30-16:00
Saturday: NA
Sunday: NA",Library,Libraries_QLD
Mirani QGAP,20 Victoria Street,Mirani,QLD,4754,-21.15876,148.863494,4961 9210,"Monday: 9:00 - 16:00
Tuesday: 9:00 - 16:00
Wednesday: 9:00 - 16:00
Thursday: 9:00 - 16:00
Friday: 9:00 - 16:00
Saturday: NA
Sunday: NA",Library,Libraries_QLD
Mitchell QGAP,"Mitchell Magistrates Court, Corner of Mary and Dublin Streets",Mitchell,QLD,4465,-26.488493,147.978231,4623 1106,"Monday: 9:00-12:30 - 13:30-16:00
Tuesday: 9:00-12:30 - 13:30-16:00
Wednesday: 9:30-12:30 - 13:30-16:00
Thursday: 9:00-12:30 - 13:30-16:00
Friday: 9:00-12:30 - 13:30-16:00
Saturday: NA
Sunday: NA",Library,Libraries_QLD
Monto QGAP,53 Newton Street,Monto,QLD,4630,-24.864663,151.124656,4166 1350,"Monday: 8:30 - 16:00
Tuesday: 8:30 - 16:00
Wednesday: 8:30 - 16:00
Thursday: 8:30 - 16:00
Friday: 8:30 - 16:00
Saturday: NA
Sunday: NA",Library,Libraries_QLD
Moranbah QGAP,"Moranbah Magistrates Court, 21 Griffin Street",Moranbah,QLD,4744,-21.998992,148.045319,4951 8383,"Monday: 8:30-12:30 - 13:30-16:30
Tuesday: 9:30-12:30 - 13:30-16:30
Wednesday: 8:30-12:30 - 13:30-16:30
Thursday: 8:30-12:30 - 13:30-16:30
Friday: 8:30-12:30 - 13:30-16:30
Saturday: NA
Sunday: NA",Library,Libraries_QLD
Mossman QGAP,"Mossman Magistrates Court, 25-27 Front Street",Mossman,QLD,4873,-16.46042,145.373603,13 QGOV (13 74 68),"Monday: 8:30-13:00 - 14:00-16:30
Tuesday: 9:30-13:00 - 14:00-16:30
Wednesday: 8:30-13:00 - 14:00-16:30
Thursday: 8:30-13:00 - 14:00-16:30
Friday: 8:30-13:00 - 14:00-16:30
Saturday: NA
Sunday: NA",Library,Libraries_QLD
Mount Morgan QGAP,32 Hall Street,Mt Morgan,QLD,4714,-23.648318,150.388611,4938 1359,"Monday: 9:00 - 16:30
Tuesday: 9:00 - 16:30
Wednesday: 9:00 - 16:30
Thursday: 9:00 - 16:30
Friday: 9:00 - 16:30
Saturday: NA
Sunday: NA",Library,Libraries_QLD
Moura QGAP,Marshall and Shirley Streets,Moura,QLD,4718,-24.570353,149.973206,13 QGOV (13 74 68),"Monday: 9:00-12:00 - 13:00-16:30
Tuesday: 9:00-12:00 - 13:00-16:30
Wednesday: 10:00-12:00 - 13:00-16:30
Thursday: 9:00-12:00 - 13:00-16:30
Friday: 9:00-12:00 - 13:00-16:30
Saturday: NA
Sunday: NA",Library,Libraries_QLD
Mt Garnet QGAP,"Police Station, Garnet Street",Mount Garnet,QLD,4872,-17.67661,145.1143,13 QGOV (13 74 68),"Monday: 10:00 - 13:00 - 13:30 - 15:30
Tuesday: NA
Wednesday: NA
Thursday: NA
Friday: 10:00 - 13:00 - 13:30 - 15:30
Saturday: NA
Sunday: NA",Library,Libraries_QLD
Mundubbera QGAP,69 Stuart-Russell Street,Mundubbera,QLD,4626,-25.59093,151.299568,07 4165 4690,"Monday: 9:30-13:00 - 13:30-15:30
Tuesday: 9:30-13:00 - 13:30-15:30
Wednesday: 9:30-13:00 - 13:30-15:30
Thursday: 9:30-13:00 - 13:30-15:30
Friday: NA
Saturday: NA
Sunday: NA",Library,Libraries_QLD
Murgon QGAP,"Murgon Magistrates Court, 48 Stephens Street West",Murgon,QLD,4605,-26.240038,151.940991,4169 9100,"Monday: 8:30 - 16:30
Tuesday: 8:30 - 16:30
Wednesday: 8:30 - 16:00
Thursday: 8:30 - 16:30
Friday: 8:30 - 16:30
Saturday: NA
Sunday: NA",Library,Libraries_QLD
Nanango QGAP,"Nanango Magistrates Court, 30 Henry Street",Nanango,QLD,4615,-26.670634,152.002425,4162 6830,"Monday: 8:30-13:00 - 14:00-16:00
Tuesday: 8:30-13:00 - 14:00-16:00
Wednesday: 9:30-13:00 - 14:00-16:00
Thursday: 8:30-13:00 - 14:00-16:00
Friday: 8:30-13:00 - 14:00-16:00
Saturday: NA
Sunday: NA",Library,Libraries_QLD
Normanton QGAP,"Normanton Magistrates Court, 24 Haig Street",Normanton,QLD,4890,-17.668241,141.079622,4445 1100,"Monday: 8:30-12:30 - 13:30-16:30
Tuesday: 8:30-12:30 - 13:30-16:30
Wednesday: 8:30-12:30 - 13:30-16:30
Thursday: 8:30-12:30 - 13:30-16:30
Friday: 8:30-12:30 - 13:30-16:30
Saturday: NA
Sunday: NA",Library,Libraries_QLD
Oakey QGAP,73 Campbell Street,Oakey,QLD,4401,-27.4344096,151.7184996,13 QGOV (13 74 68),"Monday: 9:00-13:00 - 14:00-16:30
Tuesday: 9:00-13:00 - 14:00-16:30
Wednesday: 9:30-13:00 - 14:00-16:30
Thursday: 9:00-13:00 - 14:00-16:30
Friday: 9:00-13:00 - 14:00-16:30
Saturday: NA
Sunday: NA",Library,Libraries_QLD
Pittsworth QGAP,"Pittsworth Magistrates Court, 77 Yandilla Street",Pittsworth,QLD,4356,-27.715161,151.633825,13 QGOV (13 74 68),"Monday: 8:30-13:00 - 14:00-16:00
Tuesday: 8:30-13:00 - 14:00-16:00
Wednesday: 9:30-13:00 - 14:00-16:00
Thursday: 8:30-13:00 - 14:00-16:00
Friday: 8:30-13:00 - 14:00-16:00
Saturday: NA
Sunday: NA",Library,Libraries_QLD
Quilpie QGAP,"Courthouse, Buln Buln Street",Quilpie,QLD,4480,-26.613066,144.26881,13 QGOV (13 74 68),"Monday: 9:00 - 15:30
Tuesday: 9:00 - 15:30
Wednesday: NA
Thursday: NA
Friday: NA
Saturday: NA
Sunday: NA",Library,Libraries_QLD
Ravenshoe QGAP,27 - 29 Grigg Street,Ravenshoe,QLD,4888,-17.604665,145.481041,13 QGOV (13 74 68),"Monday: 9:00-13:00 - 13:30-16:00
Tuesday: 9:00-13:00 - 13:30-16:00
Wednesday: 9:00-13:00 - 13:30-16:00
Thursday: 9:00-13:00 - 13:30-16:00
Friday: 9:00-13:00 - 13:30-16:00
Saturday: NA
Sunday: NA",Library,Libraries_QLD
Richmond QGAP,"Richmond Magistrates Court, 53 Goldring Street",Richmond,QLD,4822,-20.726635,143.14002,4741 3227,"Monday: 10:00 - 14:30
Tuesday: 10:00 - 14:30
Wednesday: 10:00 - 14:30
Thursday: 10:00 - 14:30
Friday: 10:00 - 14:30
Saturday: NA
Sunday: NA",Library,Libraries_QLD
Sarina QGAP,"Sarina Magistrates Court, 52-54 Broad Street",Sarina,QLD,4737,-21.419526,149.216241,4956 1820,"Monday: 8:30-12:30 - 13:30-16:30
Tuesday: 8:30-12:30 - 13:30-16:30
Wednesday: 9:30-12:30 - 13:30-16:30
Thursday: 8:30-12:30 - 13:30-16:30
Friday: 8:30-12:30 - 13:30-16:30
Saturday: NA
Sunday: NA",Library,Libraries_QLD
Springsure QGAP,"Springsure Magistrates Court, 45 Eclipse Street",Springsure,QLD,4722,-24.113953,148.089221,4984 1433,"Monday: 8:30-12:30 - 13:30-16:30
Tuesday: NA
Wednesday: 9:30-12:30 - 13:30-16:30
Thursday: NA
Friday: 8:30-12:30 - 13:30-16:30
Saturday: NA
Sunday: NA",Library,Libraries_QLD
St George QGAP,"St George Magistrates Court, The Terrace",St George,QLD,4487,-28.03325,148.58321,4622 9580 or 13 23 80,"Monday: 8:30-13:00 - 14:00-16:00
Tuesday: 8:30-13:00 - 14:00-16:00
Wednesday: 9:30-13:00 - 14:00-16:00
Thursday: 8:30-13:00 - 14:00-16:00
Friday: 8:30-13:00 - 14:00-16:00
Saturday: NA
Sunday: NA",Library,Libraries_QLD
Stanthorpe QGAP,51 Marsh Street,Stanthorpe,QLD,4380,-28.652483,151.934103,13 QGOV (13 74 68),"Monday: 8:30-13:00 - 14:00-16:00
Tuesday: 8:30-13:00 - 14:00-16:00
Wednesday: 9:30-13:00 - 14:00-16:00
Thursday: 8:30-13:00 - 14:00-16:00
Friday: 8:30-13:00 - 14:00-16:00
Saturday: NA
Sunday: NA",Library,Libraries_QLD
Surat QGAP,62 Burrowes Street,Surat,QLD,4417,-27.151861,149.068292,4626 5523,"Monday: 9:00 - 16:30
Tuesday: 9:00 - 16:30
Wednesday: 9:00 - 16:30
Thursday: 9:00 - 16:30
Friday: 9:00 - 16:30
Saturday: NA
Sunday: NA",Library,Libraries_QLD
Tara QGAP,19 Fry Street,Tara,QLD,4421,-27.27819,150.459633,4665 3130,"Monday: 9:30-13:00 - 14:00-16:00
Tuesday: NA
Wednesday: 9:30-13:00 - 14:00-16:00
Thursday: NA
Friday: NA
Saturday: NA
Sunday: NA",Library,Libraries_QLD
Taroom QGAP,"Taroom Magistrates Court, 33 Yaldwyn Street",Taroom,QLD,4420,-25.640685,149.79531,4627 3106,"Monday: 08:30-13:00 - 14:00-16:30
Tuesday: 08:30-13:00 - 14:00-16:30
Wednesday: 09:30-13:00 - 14:00-16:30
Thursday: 08:30-13:00 - 14:00-16:30
Friday: 08:30-13:00 - 14:00-16:30
Saturday: NA
Sunday: NA",Library,Libraries_QLD
Texas QGAP,32 Cadell Street,Texas,QLD,4385,-28.853845,151.169534,13 QGOV (13 74 68),"Monday: NA
Tuesday: 9:00 - 13:00
Wednesday: NA
Thursday: 9:00 - 13:00
Friday: NA
Saturday: NA
Sunday: NA",Library,Libraries_QLD
Thargomindah QGAP,"Police Station, Dowling Street",Thargomindah,QLD,4492,-27.996239,143.821846,4655 3291,"Monday: NA
Tuesday: NA
Wednesday: 8:00 - 16:00
Thursday: 8:00 - 16:00
Friday: NA
Saturday: NA
Sunday: NA",Library,Libraries_QLD
Thursday Island QGAP,"Thursday Island Magistrates Court, 136 Douglas Street",Thursday Island,QLD,4875,-10.584875,142.214044,4212 3900,"Monday: 8:30 - 16:30
Tuesday: 8:30 - 16:30
Wednesday: 8:30 - 16:30
Thursday: 8:30 - 16:30
Friday: 8:30 - 16:30
Saturday: NA
Sunday: NA",Library,Libraries_QLD
Toogoolawah QGAP,"Toogoolawah Magistrates Court, Hopkins Place, Gardner Street",Toogoolawah,QLD,4313,-27.0879,152.379463,46390780,"Monday: 8:30-12:00 - 13:00-16:00
Tuesday: 8:30-12:00 - 13:00-16:00
Wednesday: 9:30-12:00 - 13:00-16:00
Thursday: 8:30-12:00 - 13:00-16:00
Friday: 8:30-12:00 - 13:00-16:00
Saturday: NA
Sunday: NA",Library,Libraries_QLD
Tully QGAP,"Tully Magistrates Court, 46 Bryant Street",Tully,QLD,4854,-17.935826,145.922833,4063 5534,"Monday: 8:30-12:00 - 13:00-16:30
Tuesday: 8:30-12:00 - 13:00-16:30
Wednesday: 9:30-12:00 - 13:00-16:30
Thursday: 8:30-12:00 - 13:00-16:30
Friday: 8:30-12:00 - 13:00-16:30
Saturday: NA
Sunday: NA",Library,Libraries_QLD
Wandoan QGAP,"Post Office, 11 Lawton Street",Wandoan,QLD,4419,-26.120909,149.961034,4627 4170,"Monday: 9:00 - 16:00
Tuesday: 9:00 - 16:00
Wednesday: 9:00 - 16:00
Thursday: 9:00 - 16:00
Friday: 9:00 - 16:00
Saturday: NA
Sunday: NA",Library,Libraries_QLD
Weipa QGAP,"Weipa Magistrates Court, Central Avenue",Weipa,QLD,4874,-12.623179,141.880209,4214 6400,"Monday: 8:30 - 16:30
Tuesday: 8:30 - 16:30
Wednesday: 8:30 - 16:30
Thursday: 8:30 - 16:30
Friday: 8:30 - 16:30
Saturday: NA
Sunday: NA",Library,Libraries_QLD
Windorah QGAP,"Police Station, Victoria Street",Windorah,QLD,4481,-25.419769,142.653596,4652 5121,"Monday: NA
Tuesday: NA
Wednesday: 08:00-11:30 - NA
Thursday: NA
Friday: NA
Saturday: NA
Sunday: NA",Library,Libraries_QLD
Winton QGAP,"Courthouse, 59 Vindex Street",Winton,QLD,4735,-22.387879,143.039031,746528250,"Monday: 8:30 - 12:00 - 13:00 - 16:00
Tuesday: 8:30 - 12:00 - 13:00 - 16:00
Wednesday: 9:30 - 12:00 - 13:00 - 16:00
Thursday: 8:30 - 12:00 - 13:00 - 16:00
Friday: 8:30 - 12:00 - 13:00 - 16:00
Saturday: NA
Sunday: NA",Library,Libraries_QLD
Yarrabah QGAP,56 Sawmill Road,Yarrabah,QLD,4871,-16.906625,145.865863,4056 9120,"Monday: 09:00 - 12:00 - 13:00-16:00
Tuesday: 09:00 - 12:00 - 13:00-16:00
Wednesday: 09:00 - 12:00 - 13:00-16:00
Thursday: 09:00 - 12:00 - 13:00-16:00
Friday: 09:00 - 12:00 - NA
Saturday: NA
Sunday: NA",Library,Libraries_QLD
Yeppoon QGAP,"Yeppoon Magistrates Court, 21 - 23 Normanby Street",Yeppoon,QLD,4703,-23.127874,150.745671,4939 5385,"Monday: 8:30 - 16:30
Tuesday: 8:30 - 16:30
Wednesday: 9:30 - 16:30
Thursday: 8:30 - 16:30
Friday: 8:30 - 16:30
Saturday: NA
Sunday: NA",Library,Libraries_QLD
Annerley Library,"450 Ipswich Rd, Annerley",Annerley,QLD,4103,-27.509341,153.03331,07 3403 1735,"Monday: 10am-5pm
Tuesday: 10am-5pm
Wednesday: closed
Thursday: closed
Friday: 10am-5pm
Saturday: 9am-4pm
Sunday: closed
Closed on public holidays",Library,Libraries_QLD
Ashgrove Library,"87 Amarina Ave, Ashgrove",Ashgrove,QLD,4060,-27.443876,152.987086,07 3407 1940,"Monday: 10am-6pm
Tuesday: 10am-8pm
Wednesday: 10am-6pm
Thursday: 10am-8pm
Friday: 10am-6pm
Saturday: 9am-4pm
Sunday: closed
Closed on public holidays",Library,Libraries_QLD
Banyo Library,"284 St Vincents Rd, Banyo",Banyo,QLD,4014,-27.374391,153.078259,07 3403 2200,"Monday: closed
Tuesday: 12 noon-6pm
Wednesday: 10am-5pm
Thursday: 10am-6pm
Friday: 12 noon-5pm
Saturday: 9am-4pm
Sunday: closed
Closed on public holidays",Library,Libraries_QLD
Bracken Ridge Library,"Cnr Bracken and Barrett Street, Bracken Ridge",Bracken Ridge,QLD,4017,-27.317963,153.037889,07 3667 6060,"Monday: closed
Tuesday: 10am-8pm
Wednesday: 10am-8pm
Thursday: 10am-6pm
Friday: 10am-5pm
Saturday: 9am-4pm
Sunday: closed
Closed on public holidays",Library,Libraries_QLD
Brisbane Square Library,"266 George St, Brisbane City",Brisbane,QLD,4000,-27.470824,153.022451,07 3403 4166,"Monday: 9am-6pm
Tuesday: 9am-6pm
Wednesday: 9am-6pm
Thursday: 9am-6pm
Friday: 9am-7pm
Saturday: 9am-4pm
Sunday: 10am-3pm
Closed on public holidays",Library,Libraries_QLD
Bulimba Library,"Cnr Riding Rd & Oxford St, Bulimba",Bulimba,QLD,4171,-27.452075,153.062858,07 3407 8223,"Monday: closed
Tuesday: 9am-5pm
Wednesday: 1pm-8pm
Thursday: 9am-5pm
Friday: 9am-5pm
Saturday: 9am-4pm
Sunday: closed
Closed on public holidays",Library,Libraries_QLD
Carina Library,"Cnr Mayfield Rd & Nyrang St, Carina",Carina,QLD,4152,-27.493284,153.09006,07 3407 1873,"Monday: 10am-6pm
Tuesday: 10am-6pm
Wednesday: closed
Thursday: closed
Friday: 10am-6pm
Saturday: 9am-4pm
Sunday: closed
Closed on public holidays",Library,Libraries_QLD
Carindale Library,"Westfield Carindale, 1151 Creek Road, Carindale",Carindale,QLD,4152,-27.50134,153.102746,07 3407 1490,"Monday: 9am-5.30pm
Tuesday: 9am-5.30pm
Wednesday: 9am-5.30pm
Thursday: 9am-8pm
Friday: 9am-5.30pm
Saturday: 9am-4pm
Sunday: 10am-4pm
Closed on public holidays",Library,Libraries_QLD
Chermside Library,"375 Hamilton Rd, Chermside",Chermside,QLD,4032,-27.386161,153.034879,07 3403 7200,"Monday: 9am-6pm
Tuesday: 9am-8pm
Wednesday: 9am-6pm
Thursday: 9am-8pm
Friday: 9am-6pm
Saturday: 9am-4pm
Sunday: 10am-4pm
Closed on public holidays",Library,Libraries_QLD
Coopers Plains Library,"107 Orange Grove Rd, Coopers Plains",Coopers Plains,QLD,4108,-27.564998,153.039658,07 3403 1530,"Monday: closed
Tuesday: 10am-5pm
Wednesday: 10am-8pm
Thursday: 10am-5pm
Friday: 10am-5pm
Saturday: 9am-4pm
Sunday: closed
Closed on public holidays",Library,Libraries_QLD
Corinda Library,"641 Oxley Rd, Corinda",Corinda,QLD,4075,-27.53886,152.981475,07 3407 7701,"Monday: closed
Tuesday: 10am-5pm
Wednesday: 10am-5pm
Thursday: 10am-5pm
Friday: 10am-5pm
Saturday: 9am-4pm
Sunday: closed
Closed on public holidays",Library,Libraries_QLD
Everton Park Library,"573 South Pine Road, Everton Park",Everton Park,QLD,4053,-27.405286,152.99049,07 3403 7400,"Monday: closed
Tuesday: 10am-6pm
Wednesday: 10am-5pm
Thursday: 12 noon-8pm
Friday: 12 noon-5pm
Saturday: 9am-4pm
Sunday: closed
Closed on public holidays",Library,Libraries_QLD
Fairfield Library,"Fairfield Gardens Shopping Centre, 180 Fairfield Rd, Fairfield",Fairfield,QLD,4103,-27.509188,153.026711,07 3403 8615,"Monday: closed
Tuesday: 10am-6pm
Wednesday: 10am-6pm
Thursday: 9am-7pm
Friday: 10am-5pm
Saturday: 9am-4pm
Sunday: closed
Closed on public holidays",Library,Libraries_QLD
Garden City Library,"Garden City Shopping Centre, Level R4, Cnr Logan & Kessels Rd, Upper Mt Gravatt",Upper Mount Gravatt,QLD,4122,-27.562668,153.079845,07 3403 7745,"Monday: 9am-5.30pm
Tuesday: 9am-5.30pm
Wednesday: 9am-5.30pm
Thursday: 9am-8pm
Friday: 9am-5.30pm
Saturday: 9am-4pm
Sunday: 10am-4pm
Closed on public holidays",Library,Libraries_QLD
Grange Library,"79 Evelyn St, Grange",Grange,QLD,4051,-27.425132,153.01759,07 3407 2523,"Monday: closed
Tuesday: 10am-6pm
Wednesday: 12 noon-8pm
Thursday: 10am-6pm
Friday: 10am-5pm
Saturday: 9am-4pm
Sunday: closed
Closed on public holidays",Library,Libraries_QLD
Hamilton Library,"Cnr Racecourse Rd & Rossiter Pde, Ascot",Ascot,QLD,4007,-27.437762,153.064249,07 3403 1050,"Monday: closed
Tuesday: 10am-5pm
Wednesday: 1-6pm
Thursday: 10am-5pm
Friday: 10am-5pm
Saturday: 9am-4pm
Sunday: closed
Closed on public holidays",Library,Libraries_QLD
Holland Park Library,"81 Seville Rd, Holland Park",Holland Park,QLD,4121,-27.523073,153.072057,07 3403 7755,"Monday: closed
Tuesday: 10am-5pm
Wednesday: 1-8pm
Thursday: 10am-5pm
Friday: 10am-5pm
Saturday: 9am-4pm
Sunday: closed
Closed on public holidays",Library,Libraries_QLD
Inala Library,"Inala Civic Centre, Corsair Ave, Inala",Inala,QLD,4077,-27.597501,152.973593,07 3403 2205,"Monday: 9am-6pm
Tuesday: 9am-6pm
Wednesday: 9am-6pm
Thursday: 9am-7pm
Friday: 9am-6pm
Saturday: 9am-4pm
Sunday: closed
Closed on public holidays",Library,Libraries_QLD
Indooroopilly Library,"Indooroopilly Shopping Centre, Level 4, 322 Moggill Rd, Indooroopilly",Indooroopilly,QLD,4068,-27.499591,152.972642,07 3407 0009,"Monday: 9am-6pm
Tuesday: 9am-8pm
Wednesday: 9am-6pm
Thursday: 9am-8pm
Friday: 9am-6pm
Saturday: 9am-4pm
Sunday: 10am-4pm
Closed on public holidays",Library,Libraries_QLD
Kenmore Library,"Kenmore Village, 9 Brookfield Road, Kenmore",Kenmore,QLD,4069,-27.506033,152.938582,07 3407 0258,"Monday: 9am-6pm
Tuesday: 9am-6pm
Wednesday: 9am-6pm
Thursday: 9am-8pm
Friday: 9am-6pm
Saturday: 9am-4pm
Sunday: closed
Closed on public holidays",Library,Libraries_QLD
Mitchelton Library,"37 Heliopolis Pde, Mitchelton",Mitchelton,QLD,4053,-27.417127,152.97838,07 3403 7410,"Monday: closed
Tuesday: 10am-5pm
Wednesday: 10am-5pm
Thursday: 12 noon-7pm
Friday: 10am-5pm
Saturday: 9am-4pm
Sunday: closed
Closed on public holidays",Library,Libraries_QLD
Mt Coot-tha Library,"Brisbane Botanic Gardens, Mt Coot-tha Rd, Toowong",Toowong,QLD,4066,-27.475596,152.976014,07 3403 2550,"Monday: 10am-3pm
Tuesday: 10am-4pm
Wednesday: 10am-4pm
Thursday: 10am-4pm
Friday: 10am-3pm
Saturday: 9am-4pm
Sunday: 10am-3pm
Closed on public holidays",Library,Libraries_QLD
Mt Gravatt Library,"8 Creek Rd, Mt Gravatt",Mount Gravatt,QLD,4122,-27.538516,153.08026,07 3403 7775,"Monday: closed
Tuesday: 9am-5pm
Wednesday: 9am-5pm
Thursday: 9am-7pm
Friday: 9am-5pm
Saturday: 9am-4pm
Sunday: closed
Closed on public holidays",Library,Libraries_QLD
Mt Ommaney Library,"Mt Ommaney Shopping Centre, 171 Dandenong Rd, Mt Ommaney",Mount Ommaney,QLD,4074,-27.548122,152.937895,07 3407 7010,"Monday: closed
Tuesday: 9am-6pm
Wednesday: 9am-6pm
Thursday: 9am-8pm
Friday: 9am-6pm
Saturday: 9am-4pm
Sunday: closed
Closed on public holidays",Library,Libraries_QLD
New Farm Library,"135 Sydney St, New Farm",New Farm,QLD,4005,-27.467304,153.049626,07 3403 1062,"Monday: closed
Tuesday: 10am-6pm
Wednesday: 10am-6pm
Thursday: 12 noon-8pm
Friday: 10am-5pm
Saturday: 9am-4pm
Sunday: closed
Closed on public holidays",Library,Libraries_QLD
Nundah Library,"1 Bage St (via Primrose Lane), Nundah",Nundah,QLD,4012,-27.40128,153.058329,07 3407 8701,"Monday: closed
Tuesday: 10am-6pm
Wednesday: 1-7pm
Thursday: 10am-5pm
Friday: 10am-5pm
Saturday: 9am-4pm
Sunday: closed
Closed on public holidays",Library,Libraries_QLD
Sandgate Library,"Sandgate Town Hall, Seymour St, Sandgate",Sandgate,QLD,4017,-27.320585,153.070492,07 3667 6022,"Monday: closed
Tuesday: 10am-5pm
Wednesday: 10am-6pm
Thursday: 10am-6pm
Friday: 12 noon-5pm
Saturday: 9am-4pm
Sunday: closed
Closed on public holidays",Library,Libraries_QLD
Stones Corner Library,"280 Logan Rd, Stones Corner",Stones Corner,QLD,4120,-27.497906,153.043665,07 3403 2170,"Monday: closed
Tuesday: closed
Wednesday: 9am-5pm
Thursday: 9am-5pm
Friday: 9am-5pm
Saturday: 9am-4pm
Sunday: closed
Closed on public holidays",Library,Libraries_QLD
Sunnybank Hills Library,"Sunnybank Hills Shoppingtown, Cnr Compton & Calam Rds, Sunnybank Hills",Sunnybank Hills,QLD,4109,-27.609839,153.055842,07 3407 0571,"Monday: 9am-6pm
Tuesday: 9am-6pm
Wednesday: 9am-6pm
Thursday: 9am-8pm
Friday: 9am-6pm
Saturday: 9am-4pm
Sunday: closed
Closed on public holidays",Library,Libraries_QLD
Toowong Library,"Toowong Village Shopping Centre, 9 Sherwood Rd, Toowong",Toowong,QLD,4066,-27.485753,152.99302,07 3403 2590,"Monday: 9am-5.30pm
Tuesday: 9am-5.30pm
Wednesday: 9am-5.30pm
Thursday: 9am-8pm
Friday: 9am-5.30pm
Saturday: 9am-4pm
Sunday: closed
Closed on public holidays",Library,Libraries_QLD
West End Library,"178-180 Boundary St, West End",West End,QLD,4101,-27.482419,153.011858,07 3403 8620,"Monday: 9am-1pm
Tuesday: 1pm-5pm
Wednesday: 10am-5pm
Thursday: 10am-7pm
Friday: 10am-5pm
Saturday: 9am-4pm
Sunday: closed
Closed on public holidays",Library,Libraries_QLD
Wynnum Library,"145 Florence St, Wynnum",Wynnum,QLD,4178,-27.44497,153.171656,07 3403 2199,"Monday: 9am-6pm
Tuesday: 9am-6pm
Wednesday: 9am-6pm
Thursday: 9am-8pm
Friday: 9am-6pm
Saturday: 9am-4pm
Sunday: closed
Closed on public holidays",Library,Libraries_QLD
Zillmere Library,"Cnr Jennings St & Zillmere Rd, Zillmere",Zillmere,QLD,4034,-27.360039,153.040736,07 3403 1455,"Monday: closed
Tuesday: 10am-6pm
Wednesday: 12 noon-5pm
Thursday: 10am-6pm
Friday: 10am-5pm
Saturday: 9am-4pm
Sunday: closed
Closed on public holidays",Library,Libraries_QLD
Bruny Online,School Road,Bruny Island,TAS,7150,-43.317713,147.245706,(03) 6293 2036,,Library,Libraries_TAS
Swansea,31 Franklin Street,Swansea,TAS,7190,-42.1219,148.0729,(03) 6257 8607,,Library,Libraries_TAS
Bridport,Main Street,Bridport,TAS,7262,-41.002593,147.394005,(03) 6778 8581,,Library,Libraries_TAS
Sheffield,Sheffield District High,Sheffield,TAS,7306,-41.382218,146.328052,(03) 6491 1533,,Library,Libraries_TAS
Ulverstone,15 King Edward Street,Ulverstone,TAS,7315,-41.155696,146.172371,(03) 6464 3120,,Library,Libraries_TAS
Oatlands,Oatlands District High School,Oatlands,TAS,7120,-42.301341,147.36994,(03) 6254 1222,,Library,Libraries_TAS
Whitemark,1 Davies Street,Whitemark,TAS,7255,-40.121993,148.016588,(03) 6359 2151,,Library,Libraries_TAS
Ringarooma,14 Main Street,Ringarooma,TAS,7263,-41.241476,147.734929,(03) 6353 2155,,Library,Libraries_TAS
Latrobe,113 Gilbert Street,Latrobe,TAS,7307,-41.2352,146.411351,(03) 6478 4220,,Library,Libraries_TAS
Longford,55 Wellington Street,Longford,TAS,7301,-41.593685,147.122232,(03) 6777 2408,,Library,Libraries_TAS
Geeveston,11 Church Street,Geeveston,TAS,7116,-43.164066,146.927064,(03) 6297 1582,,Library,Libraries_TAS
Ravenswood,Eastside Village Shopping Centre,Ravenswood,TAS,7250,-41.418497,147.175115,(03) 6777 1440,,Library,Libraries_TAS
Strahan,Strahan Primary School,Strahan,TAS,7468,-42.153411,145.320362,(03) 6471 7261,,Library,Libraries_TAS
Smithton,134 - 140 Nelson Street,Smithton,TAS,7330,-40.84159,145.122828,(03) 6478 9574,,Library,Libraries_TAS
Rosebery,Rosebery District High,Rosebery,TAS,7470,-41.77968,145.541446,(03) 6473 1426,,Library,Libraries_TAS
Bicheno,78 Burgess Street,Bicheno,TAS,7215,-41.877219,148.303445,(03) 6387 5609,,Library,Libraries_TAS
Westbury,33 William Street,Westbury,TAS,7303,-41.526748,146.833069,(03) 6701 2189,,Library,Libraries_TAS
Orford,30 Charles Street,Orford,TAS,7190,-42.562231,147.872328,(03) 6123 4039,,Library,Libraries_TAS
Lilydale,District School,Lilydale,TAS,7268,-41.252327,147.215048,(03) 6395 1110,,Library,Libraries_TAS
Exeter,57 Main Road,Exeter,TAS,7275,-41.300539,146.953318,(03) 6702 6110,,Library,Libraries_TAS
Launceston,71 Civic Square,Launceston,TAS,7250,-41.436002,147.137167,(03) 6777 2446,,Library,Libraries_TAS
Bridgewater,23 Green Point Road,Bridgewater (behind Brighton Civic Centre),TAS,7030,-42.739418,147.243549,(03) 6165 5446,,Library,Libraries_TAS
George Town Community Hub,12 Elizabeth Street,George Town,TAS,7253,-41.107135,146.822501,(03) 6702 6090,,Library,Libraries_TAS
Cygnet,27 Mary Street,Cygnet,TAS,7112,-43.161804,147.076571,(03) 6121 7017,,Library,Libraries_TAS
Devonport,137 Rooke Street,Devonport,TAS,7310,-41.1775898,146.3604878,(03) 6478 4230,,Library,Libraries_TAS
Deloraine,2 - 4 Emu Bay Road,Deloraine,TAS,7304,-41.525053,146.65659,(03) 6701 2180,,Library,Libraries_TAS
Beaconsfield,Beaconsfield Primary School,Beaconsfield,TAS,7270,-41.20172,146.820784,(03) 6702 6111,,Library,Libraries_TAS
Scottsdale,51 King Street,Scottsdale,TAS,7260,-41.162008,147.51531,(03) 6778 8586,,Library,Libraries_TAS
Tasman,Tasman District High,Nubeena,TAS,7184,-43.097723,147.744419,(03) 6250 1017,,Library,Libraries_TAS
Hobart,91 Murray Street,Hobart,TAS,7000,-42.881951,147.324667,(03) 6165 5597,,Library,Libraries_TAS
Huon,1 Skinner Drive,Huonville,TAS,7109,-43.031196,147.049732,(03) 6121 7010,,Library,Libraries_TAS
St Marys,31 Main Street,St Marys,TAS,7215,-41.579084,148.186817,(03) 6387 5602,,Library,Libraries_TAS
New Norfolk,9/13 Charles Street,New Norfolk,TAS,7140,-42.781558,147.06434,(03) 6165 6381,,Library,Libraries_TAS
Glenorchy,4 Terry Street,Glenorchy,TAS,7010,-42.834443,147.275185,(03) 6165 5493,,Library,Libraries_TAS
West Coast Community Hub,9-13 Driffield Street,Queenstown,TAS,7467,-42.078731,145.556337,(03) 6495 1530,,Library,Libraries_TAS
Burnie,30 Alexander Street,Burnie,TAS,7320,-41.050675,145.903823,(03) 6477 7400,,Library,Libraries_TAS
St Helens,61 Cecilia Street,St Helens,TAS,7216,-41.320788,148.249084,(03) 6387 5600,,Library,Libraries_TAS
Campbell Town,77 High Street,Campbell Town,TAS,7210,-41.927058,147.49418,(03) 6774 8010,,Library,Libraries_TAS
Penguin,81 Main Street,Penguin,TAS,7316,-41.113406,146.072802,(03) 6477 7520,,Library,Libraries_TAS
Sorell,25 Cole Street,Sorell,TAS,7172,-42.781507,147.564159,(03) 6165 6452,,Library,Libraries_TAS
Rosny,48 Bligh Street,Rosny,TAS,7018,-42.864067,147.370525,(03) 6165 6448,,Library,Libraries_TAS
Bothwell,19 Alexander Street,Bothwell,TAS,7030,-42.382038,147.008056,(03) 6259 5642,,Library,Libraries_TAS
Kingston,11 Hutchins Street,Kingston,TAS,7050,-42.976517,147.310917,(03) 6165 6208,,Library,Libraries_TAS
Wynyard,13 Exhibition Link,Wynyard,TAS,7325,-40.990232,145.72654,(03) 6477 7415,,Library,Libraries_TAS
Zeehan,74 Main Street,Zeehan,TAS,7469,-41.887726,145.339551,(03) 6471 6484,,Library,Libraries_TAS
Currie,1 Meech Street,Currie,TAS,7256,-39.929402,143.851804,(03) 6462 1202,,Library,Libraries_TAS
A H Bracks Public Library,Cnr Stock Road and Canning Highway,Melville,WA,6156,-32.03446,115.79552,08 9364 0115,,Library,Libraries_WA
Albany Public Library,221 York Street,Albany,WA,6330,-35.02293,117.88288,08 9841 9390,,Library,Libraries_WA
Amherst Village Public Library,Cnr Warton Road and Holmes Street,Southern River,WA,6110,-32.08966,115.94393,08 9498 9498,,Library,Libraries_WA
Armadale Public Library,Shop 64 / 10 Orchard Ave,Armadale,WA,6112,-32.152266,116.0147457,08 9394 5125,,Library,Libraries_WA
Augusta Public Library,Allnut Terrace,Augusta,WA,6290,-34.31438,115.15532,08 9780 5670,,Library,Libraries_WA
Australind Public Library,Paris Road,Australind,WA,6230,-33.28122,115.71647,08 9797 1430,,Library,Libraries_WA
Badgingarra Public Library,Community Hall,Badgingarra,WA,6521,-30.38849,115.49967,08 9652 9233,,Library,Libraries_WA
Baldivis Library and Community Centre,17 Settlers Avenue,Baldivis,WA,6171,-32.33236,115.81375,08 9591 0800,,Library,Libraries_WA
Balingup Public Library,40 Jayes Road,Balingup,WA,6253,-33.78384,115.98542,08 9764 1037,,Library,Libraries_WA
Ballajura Public Library,Cnr Kingfisher and Illawarra Crescent,Ballajura,WA,6066,-31.83941,115.89483,08 9249 1488,,Library,Libraries_WA
Bassendean Public Library,46 Old Perth Road,Bassendean,WA,6054,-31.90403,115.94928,08 9279 2966,,Library,Libraries_WA
Bayswater Public Library,25 King William Street,Bayswater,WA,6053,-31.92022,115.91395,08 9271 2340,,Library,Libraries_WA
Beacon Public Library,"Beacon Central, 11 Rowlands Street",Beacon,WA,6472,-30.4497,117.86517,08 9686 1014,,Library,Libraries_WA
Beechboro Public Library,332 Benara Road,Beechboro,WA,6063,-31.87487,115.93994,08 9377 7760,,Library,Libraries_WA
Belmont Public Library,215 Wright Street,Cloverdale,WA,6105,-31.96189,115.9337,08 9477 7150,,Library,Libraries_WA
Bencubbin Public Library,80 Monger Street,Bencubbin,WA,6477,-30.8101,117.86025,08 9685 1202,,Library,Libraries_WA
Bentley Public Library,Cnr Hedley Place and Manning Road,Bentley,WA,6102,-32.01249,115.90934,08 9231 0695,,Library,Libraries_WA
Beverley Public Library,141 Vincent Street,Beverley,WA,6304,-32.10923,116.9248,08 9646 1200,,Library,Libraries_WA
Bidyadanga Community Library,Bidyadanga Road,Broome,WA,6725,-18.68481,121.77692,08 9192 4780,,Library,Libraries_WA
Bindoon Public Library,6177 Great Northern Highway,Bindoon,WA,6502,-31.38603,116.09591,08 9576 4600,,Library,Libraries_WA
Binningup Public Library,Driftwood Way,Binningup,WA,6233,-33.15052299,115.6944144,08 9720 2930,,Library,Libraries_WA
Boddington Public Library,20 Bannister Road,Boddington,WA,6390,-32.79995968,116.4747816,0418 952 166,,Library,Libraries_WA
Bolgart Public Library,"Bolgart Memorial Hall, George Street",Bolgart,WA,6568,-31.27237,116.50932,08 9627 5217,,Library,Libraries_WA
Boya Public Library,119-135 Scott Street,Helena Valley,WA,6056,-31.91818239,116.048238,08 9290 6755,,Library,Libraries_WA
Boyanup Public Library,12 Thomas Street,Boyanup,WA,6237,-33.48334,115.72888,08 9731 5639,,Library,Libraries_WA
Boyup Brook Public Library,55 Abel Street,Boyup Brook,WA,6244,-33.83221,116.38642,08 9765 1200,,Library,Libraries_WA
Bremer Bay Public Library,Mary Street,Bremer Bay,WA,6338,-34.3924,119.37888,08 9837 4171,,Library,Libraries_WA
Bridgetown Public Library,75 Steere Street,Bridgetown,WA,6255,-33.95821,116.14543,08 9761 2503,,Library,Libraries_WA
Brookton Public Library,14 White Street,Brookton,WA,6306,-32.36883428,117.0071733,08 9642 1106,,Library,Libraries_WA
Broome Public Library,Cnr Haas and Hammersleys Streets,Broome,WA,6725,-17.9602,122.23991,08 9191 3477,,Library,Libraries_WA
Broomehill Public Library,30360 Great Southern Highway,Broomehill Village,WA,6318,-33.84429,117.6388,08 9825 3555,,Library,Libraries_WA
Bruce Rock Public Library,54 Johnson Street,Bruce Rock,WA,6418,-31.87902,118.1484,08 9061 1377,,Library,Libraries_WA
Bull Creek Public Library,Cnr Leichhardt Street and Hassell Crescent,Bull Creek,WA,6149,-32.06373,115.85558,08 9364 0150,,Library,Libraries_WA
Bullsbrook Community Library,3 Maroubra Avenue,Bullsbrook,WA,6084,-31.66754529,116.032024,08 9207 8989,,Library,Libraries_WA
Bunbury Public Library,Parkfield Street,Bunbury,WA,6230,-33.32792,115.63695,08 9792 7190,,Library,Libraries_WA
Busselton Public Library,Stanley Street,Busselton,WA,6280,-33.65096,115.34761,08 9754 1588,,Library,Libraries_WA
Calingiri Public Library,28 Cavell Street,Calingiri,WA,6569,-31.08893,116.44817,08 9628 7004,,Library,Libraries_WA
Cambridge Public Library,99 The Boulevard,Floreat,WA,6014,-31.93669,115.79336,08 9383 8999,,Library,Libraries_WA
Canning Bridge Public Library,2 Kintail Road,Applecross,WA,6153,-32.01087,115.85059,08 9364 0121,,Library,Libraries_WA
Cannington Public Library,Cnr Sevenoaks and Wharf Streets,Cannington,WA,6107,-32.01029,115.94095,08 6350 7350,,Library,Libraries_WA
Capel Public Library,Forrest Road,Capel,WA,6271,-33.55358,115.56306,08 9727 0290,,Library,Libraries_WA
Carnamah Public Library,MacPherson Street,Carnamah,WA,6517,-29.68774,115.88602,08 9951 7000,,Library,Libraries_WA
Carnarvon Public Library,18 Egan Street,Carnarvon,WA,6701,-24.88424,113.65882,08 9941 3727,,Library,Libraries_WA
Cervantes Public Library,Aragon Street,Cervantes,WA,6511,-30.5004,115.07166,08 9652 7647,,Library,Libraries_WA
Christmas Island Public Library,"George Fam Centre, 2 Murray Road",Christmas Island Indian Ocean,WA,6798,-10.42157,105.6743,08 9164 8300,,Library,Libraries_WA
Claremont Public Library,327 Stirling Highway,Claremont,WA,6010,-31.98333,115.77995,08 9285 4353,,Library,Libraries_WA
Clarkson Public Library,27 Ocean Keys Boulevard,Clarkson,WA,6030,-31.68937,115.71749,08 9407 1600,,Library,Libraries_WA
Cocos Home Island Public Library,"Home Island Campus, Cocos Islands District High School",Cocos (Keeling) Islands,WA,6799,-12.11855,96.89786,08 9162 7592,,Library,Libraries_WA
Cocos West Island Public Library,Airforce Road,Cocos (Keeling) Islands,WA,6799,-12.18839,96.82928,08 9162 6650,,Library,Libraries_WA
Collie Public Library,Cnr Wittenoom and Steere Streets,Collie,WA,6225,-33.3615,116.15447,08 9734 9042,,Library,Libraries_WA
Coolbellup Public Library,90 Cordelia Avenue,Coolbellup,WA,6163,-32.08295,115.809,08 9411 3830,,Library,Libraries_WA
Coolgardie Public Library,69 Sylvester Street,Coolgardie,WA,6429,-30.95377,121.16437,08 9025 0301,,Library,Libraries_WA
Coorow Public Library,Main Street,Coorow,WA,6515,-29.88089,116.02395,08 9952 0100,,Library,Libraries_WA
Corrigin Public Library,55 Larke Crescent,Corrigin,WA,6375,-32.33103876,117.8764665,08 9063 2778,,Library,Libraries_WA
Cottesloe/Peppermint Grove/Mosman Park Public Library,1 Leake Street,Peppermint Grove,WA,6011,-31.99745,115.76404,08 9286 8686,,Library,Libraries_WA
Cranbrook Public Library,140 Climie Street,Cranbrook,WA,6321,-34.29635,117.53576,08 9826 1234,,Library,Libraries_WA
Cue Public Library,Lot 2 Austin Street,Cue,WA,6640,-27.4232,117.89918,08 9963 8600,,Library,Libraries_WA
Cunderdin Public Library,57 Main Street,Cunderdin,WA,6407,-31.65077,117.23971,08 9635 1784,,Library,Libraries_WA
Dalwallinu Public Library,Johnston Street,Dalwallinu,WA,6609,-30.27554,116.66283,08 9661 1805,,Library,Libraries_WA
Dalyellup Public Library,"Shop 2/54 Tiffany Centre, Dalyellup Shopping Centre",Dalyellup,WA,6230,-33.39780471,115.634687,08 9795 7815,,Library,Libraries_WA
Dampier Public Library,High Street,Dampier,WA,6713,-20.66304,116.70687,08 9183 1562,,Library,Libraries_WA
Dandaragan Public Library,3468 Dandaragan Road,Dandaragan,WA,6507,-30.30708,115.03782,08 9651 4056,,Library,Libraries_WA
Dardanup Public Library,3 Little Street,Dardanup,WA,6236,-33.39958,115.75616,08 9728 1422,,Library,Libraries_WA
Darkan Public Library,27 Burrowes Street,Darkan,WA,6392,-33.33682,116.74094,08 9736 2000,,Library,Libraries_WA
Denmark Public Library,Strickland Street,Denmark,WA,6333,-34.95931,117.36545,08 9848 3006,,Library,Libraries_WA
Derby Public Library,Clarendon Street,Derby,WA,6728,-17.30353,123.62823,08 9191 0900,,Library,Libraries_WA
Dianella Public Library,"Dianella Plaza Shopping Centre, Waverley Street",Dianella,WA,6059,-31.89624,115.8732,08 9205 7740,,Library,Libraries_WA
Dongara Public Library,9 Waldeck Street,Dongara,WA,6525,-29.25195,114.93056,08 9927 1859,,Library,Libraries_WA
Donnybrook Public Library,Cnr Bentley and Emerald Streets,Donnybrook,WA,6239,-33.57467,115.82113,08 9731 0432,,Library,Libraries_WA
Dowerin Public Library,13 Stewart Street,Dowerin,WA,6461,-31.19536,117.03118,08 9631 1662,,Library,Libraries_WA
Dumbleyung Public Library,28 Absolon Street,Dumbleyung,WA,6350,-33.31448103,117.7400172,08 9863 4829,,Library,Libraries_WA
Duncraig Public Library,40 Warwick Road,Duncraig,WA,6023,-31.8356,115.76523,08 9447 9533,,Library,Libraries_WA
Dunsborough Public Library,"Naturaliste Community Centre, Dunsborough Lakes Drive",Dunsborough,WA,6281,-33.62092,115.10481,08 9756 7111,,Library,Libraries_WA
Eaton Public Library,20 Recreation Drive,Eaton,WA,6232,-33.31793,115.72253,08 9724 4466,,Library,Libraries_WA
Ellenbrook Public Library,90 Main Street,Ellenbrook,WA,6069,-31.78373,115.96469,08 9297 9600,,Library,Libraries_WA
Eneabba Public Library,Eneabba Drive,Eneabba,WA,6518,-29.8226,115.26754,08 9955 1058,,Library,Libraries_WA
Esperance Public Library,Windich Street,Esperance,WA,6450,-33.85955,121.89086,08 9083 1500,,Library,Libraries_WA
Exmouth Public Library,"Ningaloo Centre, 2 Truscott Cres,",Exmouth,WA,6707,-21.93649723,114.130429,08 9949 3056,,Library,Libraries_WA
Falcon Public Library,Cnr Flavia Street and Cobblers Road,Falcon,WA,6210,-32.58478,115.65836,08 9550 3230,,Library,Libraries_WA
Fitzroy Crossing Public Library,"Tourist Bureau, Flynn Drive",Fitzroy Crossing,WA,6765,-18.19703,125.56724,08 9191 5355,,Library,Libraries_WA
Forrestfield Public Library,3 Salix Way,Forrestfield,WA,6058,-31.98533,116.00934,08 9257 9975,,Library,Libraries_WA
Frankland Public Library,55 Wingebellup Road,Frankland River,WA,6396,-34.36246,117.08175,08 9855 2209,,Library,Libraries_WA
Fremantle City Library,"Fremantle Oval, 70 Parry Street",Fremantle,WA,6160,-32.05719074,115.7512236,08 9432 9766,,Library,Libraries_WA
Gascoyne Junction,5 Scott Street,Gascoyne Junction,WA,6705,-25.05433,115.20887,08 9943 0988,,Library,Libraries_WA
Geraldton Regional Library,37 Marine Terrace,Geraldton,WA,6530,-28.77213,114.61189,08 9956 6659,,Library,Libraries_WA
Gingin Public Library,1A Lily King Place,Gingin,WA,6503,-31.34609,115.90425,08 9575 1253,,Library,Libraries_WA
Girrawheen Public Library,6 Patrick Court,Girrawheen,WA,6064,-31.83968,115.83871,08 9342 8844,,Library,Libraries_WA
Gnowangerup Public Library,Yougenup Road,Gnowangerup,WA,6335,-33.93667,118.00688,08 9827 1635,,Library,Libraries_WA
Goomalling Public Library,51 - 53 Railway Terrace,Goomalling,WA,6460,-31.29898,116.82645,08 9629 1570,,Library,Libraries_WA
Gosnells Public Library,"The Agonis, 2232D Albany Highway",Gosnells,WA,6110,-32.07075,116.00188,08 9391 6000,,Library,Libraries_WA
Green Head Public Library,Greenhead Road,Green Head,WA,6514,-29.94719,114.97745,08 9953 1255,,Library,Libraries_WA
Guildford Public Library,97 James Street,Guildford,WA,6055,-31.89953,115.97226,08 9378 1770,,Library,Libraries_WA
Halls Creek Public Library,71 Thomas Street,Hall's Creek,WA,6770,-18.22529,127.66728,08 9168 6007,,Library,Libraries_WA
Harvey Public Library,Young Street,Harvey,WA,6220,-33.07922,115.89326,08 9729 1080,,Library,Libraries_WA
High Wycombe Public Library,15 Markham Road,High Wycombe,WA,6057,-31.94027,116.00407,08 9257 9974,,Library,Libraries_WA
Hopetoun Public Library,Unit 2 / 46 Veal Street,Hopetoun,WA,6348,-33.94793,120.12662,08 9838 3062,,Library,Libraries_WA
Hyden Public Library,12 McPherson Street,Hyden,WA,6359,-32.44898,118.86284,08 9880 5160,,Library,Libraries_WA
Inglewood Public Library,Cnr Beaufort Street and Tenth Avenue,Inglewood,WA,6052,-31.92092,115.88541,08 9205 7700,,Library,Libraries_WA
Jerramungup Public Library,8-10 Tobruk Street,Jerramungup,WA,6337,-33.94034,118.9183,08 9835 1630,,Library,Libraries_WA
Joondalup Public Library,102 Boas Avenue,Joondalup,WA,6027,-31.74354,115.7735,08 9400 4707,,Library,Libraries_WA
Jurien Public Library,67 Bashford Street,Jurien Bay,WA,6516,-30.30672556,115.0380242,08 9652 0810,,Library,Libraries_WA
Kalamunda Public Library,7 Williams Street,Kalamunda,WA,6076,-31.97128,116.05984,08 9257 9969,,Library,Libraries_WA
Kalbarri Public Library,Grey Street,Kalbarri,WA,6536,-27.70922,114.16609,08 9937 1097,,Library,Libraries_WA
Kalgoorlie-Boulder Public Library,Roberts Street,Kalgoorlie,WA,6430,-30.75328,121.47879,08 9021 7112,,Library,Libraries_WA
Kambalda Public Library,4 Barnes Drive,Kambalda,WA,6442,-31.20904,121.62172,08 9080 2119,,Library,Libraries_WA
Karratha Public Library,"Red Earth Arts Precinct, 27 Welcome Road",Karratha,WA,6714,-20.73728169,116.8450016,08 9186 8660,,Library,Libraries_WA
Karrinyup Public Library,Davenport Street,Karrinyup,WA,6018,-31.87608,115.77908,08 9205 7400,,Library,Libraries_WA
Katanning Public Library,Austral Terrace,Katanning,WA,6317,-33.69016,117.55394,08 9821 4300,,Library,Libraries_WA
Kellerberrin Public Library,94 Massingham Street,Kellerberrin,WA,6410,-31.63368,117.72204,08 9045 4991,,Library,Libraries_WA
Kelmscott Public Library,"Stargate Shopping Centre, 2784 Albany Highway",Kelmscott,WA,6111,-32.11352201,116.0147291,08 9394 5810,,Library,Libraries_WA
Kenwick Public Library,80 Kenwick Road,Kenwick,WA,6107,-32.03399,115.9783,08 9397 3099,,Library,Libraries_WA
Kojonup Public Library,93 Albany Highway,Kojonup,WA,6395,-33.83225,117.15943,08 9831 2412,,Library,Libraries_WA
Kondinin Public Library,11 Gordon Street,Kondinin,WA,6367,-32.49543,118.267,08 9889 1006,,Library,Libraries_WA
Koorda Public Library,Cnr Allenby and Haig Street,Koorda,WA,6475,-30.8246,117.4839,08 9684 1219,,Library,Libraries_WA
Kukerin Public Library,Manser Street,Kukerin,WA,6352,-33.18547,118.08611,08 9864 6199,,Library,Libraries_WA
Kulin Public Library,Johnson Street,Kulin,WA,6365,-32.66902,118.15599,08 9880 1242,,Library,Libraries_WA
Kununurra Public Library,Mangaloo Street,Kununurra,WA,6743,-15.77649,128.73486,08 9169 1227,,Library,Libraries_WA
Kwinana Public Library,Cnr Robbos Way and Chisham Avenue,Kwinana Town Centre,WA,6167,-32.24307,115.814,08 9236 4300,,Library,Libraries_WA
Lake Grace Public Library,Absolon Street,Lake Grace,WA,6353,-33.10368,118.46054,08 9865 1185,,Library,Libraries_WA
Lake King Public Library,Newdegate-Ravensthorpe Road,Lake King,WA,6356,-33.08904,119.67479,08 9874 4147,,Library,Libraries_WA
Lakelands Public Library,"49 Banksiadale Gate, Lakelands Shopping Centre",Lakelands,WA,6210,-32.47222844,115.7600641,08 9550 3835,,Library,Libraries_WA
Lancelin Public Library,Vins Way,Lancelin,WA,6044,-31.01935,115.33276,08 9655 2725,,Library,Libraries_WA
Latham Public Library,Britt Street,Latham,WA,6616,-29.75714,116.44402,08 9973 1002,,Library,Libraries_WA
Laverton Public Library,"Shop 4, Laver Place",Laverton,WA,6440,-28.62596,122.40408,08 9031 1800,,Library,Libraries_WA
Leeman Public Library,20 Morcombe Road,Leeman,WA,6514,-29.94986,114.98114,08 9953 1388,,Library,Libraries_WA
Leonora Public Library,16 Tower Street,Leonora,WA,6438,-28.8835,121.33117,08 9037 7016,,Library,Libraries_WA
Lesmurdie School Community Library,21 Reid Road,Lesmurdie,WA,6076,-32.01252,116.05164,08 9257 9976,,Library,Libraries_WA
Mandurah Public Library,331 Pinjarra Road,Mandurah,WA,6210,-32.5382,115.74062,08 9550 3650,,Library,Libraries_WA
Manjimup Public Library,57-59 Rose Street,Manjimup,WA,6258,-34.23877,116.1461,08 9771 2895,,Library,Libraries_WA
Manning Public Library,2 Conochie Crescent,Manning,WA,6152,-32.0154479,115.8674699,08 9474 0822,,Library,Libraries_WA
Marble Bar Public Library,20 Francis Street,Marble Bar,WA,6760,-21.1728,119.74546,08 9176 1008,,Library,Libraries_WA
Margaret River Public Library,Fearn Avenue,Margaret River,WA,6285,-33.95128,115.07132,08 9780 5600,,Library,Libraries_WA
Maylands Public Library,"The Rise, 28 Eighth Avenue",Maylands,WA,6051,-31.93084,115.89531,08 9208 2450,,Library,Libraries_WA
Meekatharra Public Library,Main Street,Meekatharra,WA,6642,-26.59312,118.49594,08 9980 0600,,Library,Libraries_WA
Melville Civic Square Public Library,10 Almondbury Road,Booragoon,WA,6154,-32.03329,115.83332,08 9364 0138,,Library,Libraries_WA
Menzies Public Library,Cnr Shenton and Brown Streets,Menzies,WA,6436,-29.69447,121.02923,08 9024 2702,,Library,Libraries_WA
Merredin Public Library,22 Coronation Street,Merredin,WA,6415,-31.47908,118.27716,08 9041 1222,,Library,Libraries_WA
Midland Public Library,45 Helena Street,Midland,WA,6056,-31.88937,116.00272,08 9267 9020,,Library,Libraries_WA
Mingenew Public Library,Victoria Street,Mingenew,WA,6522,-29.19034,115.44236,08 9928 1102,,Library,Libraries_WA
Mirrabooka Public Library,21 Sudbury Road,Mirrabooka,WA,6061,-31.8691,115.85946,08 9205 7300,,Library,Libraries_WA
Mogumber Public Library,"Old School Building, Mogumber Yarrawindah Road",Mogumber,WA,6506,-31.03802,116.04642,08 9651 9015,,Library,Libraries_WA
Moora Public Library,34 Padbury Street,Moora,WA,6510,-30.64155,116.00761,08 9651 0000,,Library,Libraries_WA
Morawa Public Library,Winfield Street,Morawa,WA,6623,-29.21012,116.00906,08 9971 1204,,Library,Libraries_WA
Morley Public Library,240 Walter Road West,Morley,WA,6062,-31.89594362,115.8959794,08 9272 0980,,Library,Libraries_WA
Mount Barker Public Library,Lowood Road,Mount Barker,WA,6324,-34.62292,117.6606,08 9851 2661,,Library,Libraries_WA
Mount Magnet Public Library,29 Attwood Street,Mount Magnet,WA,6638,-28.06221352,117.8481138,08 9963 4480,,Library,Libraries_WA
Mukinbudin Public Library,15 Maddock Street,Mukinbudin,WA,6479,-30.91599,118.20751,08 9047 2100,,Library,Libraries_WA
Mullewa Public Library,Cnr Padbury and Thomas Street,Mullewa,WA,6630,-28.54028,115.51085,08 9961 1007,,Library,Libraries_WA
Mundaring Public Library,1 Nichol Street,Mundaring,WA,6073,-31.90303,116.16561,08 9290 6780,,Library,Libraries_WA
Mundijong Public Library,10 Paterson Street,Mundijong,WA,6123,-32.29741,115.98456,08 9526 1133,,Library,Libraries_WA
Murchison Public Library,Carnarvon-Mullewa Road,Murchison,WA,6630,-26.89346,115.9566,08 9963 7999,,Library,Libraries_WA
Murray Public Library,Cnr Pinjarra Road and Forrest Street,Pinjarra,WA,6208,-32.62745,115.87169,08 9531 7712,,Library,Libraries_WA
Nabawa Public Library,3270 Chapman Valley Road,Nabawa,WA,6532,-28.50131,114.78955,08 9920 5011,,Library,Libraries_WA
Nannup Public Library,15 Adam Street,Nannup,WA,6275,-33.97948,115.76518,08 9756 1018,,Library,Libraries_WA
Narembeen Public Library,"Narembeen Community Resource Centre, 2/19 Churchill St",Narembeen,WA,6369,-32.06557215,118.394388,08 9064 7055,,Library,Libraries_WA
Narrogin Regional Library,89 Earl St,Narrogin,WA,6312,-32.93483768,117.1766371,08 9881 1751,,Library,Libraries_WA
Nedlands Public Library,60-64 Stirling Highway,Nedlands,WA,6009,-31.97882,115.80699,08 9273 3644,,Library,Libraries_WA
Newdegate Public Library,Collier Street,Newdegate,WA,6355,-33.0937,119.02193,08 9871 1791,,Library,Libraries_WA
Newman Community Library,100 Kalgan Drive,Newman,WA,6753,-23.36315,119.74368,08 9175 2782,,Library,Libraries_WA
Norseman Public Library,88 - 92 Prinsep Street,Norseman,WA,6443,-32.1988,121.77926,08 9039 1205,,Library,Libraries_WA
Northam Public Library,298 Fitzgerald Street,Northam,WA,6401,-31.656,116.66838,08 9621 1600,,Library,Libraries_WA
Northampton Public Library,199 Hampton Road,Northampton,WA,6535,-28.35168,114.63007,08 9934 1202,,Library,Libraries_WA
Northcliffe Public Library,Lot 178 Muirillup Road,Northcliffe,WA,6262,-34.63248,116.12537,08 9776 7168,,Library,Libraries_WA
Nullagine Public Library,39 Gallop Road,Nullagine,WA,6758,-21.88979,120.1061,08 9176 2063,,Library,Libraries_WA
Nungarin Public Library,Railway Avenue,Nungarin,WA,6490,-31.18396,118.10081,08 9046 5006,,Library,Libraries_WA
Nyabing Public Library,24-26 Richmond Street,Nyabing,WA,6341,-33.54155,118.14994,08 9829 1051,,Library,Libraries_WA
Ongerup Public Library,Jaekel Street,Ongerup,WA,6336,-33.96370908,118.4784627,08 9828 2325,,Library,Libraries_WA
Onslow Public Library,Second Avenue,Onslow,WA,6710,-21.63700764,115.112623,08 9184 9311,,Library,Libraries_WA
Osborne Park Public Library,9 Royal Street,Tuart Hill,WA,6060,-31.89621,115.82933,08 9205 7900,,Library,Libraries_WA
Pannawonica Public Library,Pannawonica Drive,Pannawonica,WA,6716,-21.63919,116.32436,08 9134 9501,,Library,Libraries_WA
Paraburdoo Public Library,Ashburton Avenue,Paraburdoo,WA,6754,-23.20003,117.6654,08 9190 2222,,Library,Libraries_WA
Pemberton Public Library,Lot 242 Brockman Street,Pemberton,WA,6260,-34.44478,116.03421,08 9776 1311,,Library,Libraries_WA
Perenjori Public Library,56 Fowler Street,Perenjori,WA,6620,-29.44039,116.2857,08 9973 0100,,Library,Libraries_WA
Perth City Public Library,573 Hay Street,Perth,WA,6000,-31.95515,115.86129,08 9461 3500,,Library,Libraries_WA
Pingelly Public Library,18 Parade Street,Pingelly,WA,6308,-32.53447,117.08437,08 9887 1409,,Library,Libraries_WA
Pingrup Public Library,Lot 2 Burston Street,Pingrup,WA,6343,-33.53286,118.51133,08 9820 1101,,Library,Libraries_WA
Port Hedland Public Library,"Shop 7, Port Hedland Boulevard, Anderson Street",Port Hedland,WA,6721,-20.31197224,118.6077601,08 9158 9373,,Library,Libraries_WA
Quairading Public Library,"Post Office Building, 1 Jennaberring Road",Quairading,WA,6383,-32.00991,117.40132,08 9645 1133,,Library,Libraries_WA
Ravensthorpe Public Library,"Community Resource Centre, Dunn Street",Ravensthorpe,WA,6346,-33.58102,120.04305,08 9838 1340,,Library,Libraries_WA
Riverton Public Library,67 Riley Road,Riverton,WA,6148,-32.03752,115.90333,08 9231 0944,,Library,Libraries_WA
Rockingham Central Library,Dixon Road,Rockingham,WA,6168,-32.27782,115.75187,08 9360 7060,,Library,Libraries_WA
Roebourne Public Library,38 Roe Street,Roebourne,WA,6718,-20.77345891,117.146337,08 9186 8030,,Library,Libraries_WA
Safety Bay Public Library,197 Safety Bay Road,Safety Bay,WA,6169,-32.30106,115.71024,08 9528 8611,,Library,Libraries_WA
Sandstone Public Library,Hack Street,Sandstone,WA,6639,-27.98714,119.29688,08 9963 5802,,Library,Libraries_WA
Scarborough Public Library,"Scarborough Civic Centre, 173 Gildercliffe Street",Scarborough,WA,6019,-31.89466,115.77464,08 9205 7420,,Library,Libraries_WA
Seville Grove Public Library,78 Champion Drive,Seville Grove,WA,6112,-32.13172,116.00191,08 9399 0800,,Library,Libraries_WA
Shark Bay Public Library,65 Knight Terrace,Denham,WA,6537,-25.92835,113.53558,08 9948 1218,,Library,Libraries_WA
State Library of Western Australia,25 Francis Street,Perth,WA,6000,-31.949,115.86047,08 9427 3162,,Library,Libraries_WA
South Hedland Public Library,Leake Street,South Hedland,WA,6722,-20.41217,118.60159,08 9158 9373,,Library,Libraries_WA
South Perth Public Library,Cnr South Terrace and Sandgate Street,South Perth,WA,6151,-31.98788,115.86678,08 9474 0800,,Library,Libraries_WA
Southern Cross Public Library,Canopus Street,Southern Cross,WA,6426,-31.2308,119.32622,08 9049 1688,,Library,Libraries_WA
Spearwood Public Library,9 Coleville Crescent,Spearwood,WA,6163,-32.1005,115.78404,08 9411 3800,,Library,Libraries_WA
Subiaco Public Library,237 Rokeby Road,Subiaco,WA,6008,-31.9508,115.82372,08 9237 9300,,Library,Libraries_WA
Success Public Library,Cnr Wentworth Parade and Beeliar Drive,Success,WA,6164,-32.12971,115.85298,08 9411 3840,,Library,Libraries_WA
Tambellup Public Library,"Tambellup Community Resource Centre, 32-34 Norrish Street",Tambellup,WA,6320,-34.04506,117.64187,08 9825 1177,,Library,Libraries_WA
Tammin Public Library,1 Donnan Street,Tammin,WA,6409,-31.64107,117.48403,08 9637 1101,,Library,Libraries_WA
Thornlie Public Library,1 Culross Avenue,Thornlie,WA,6108,-32.05528,115.96523,08 9251 8750,,Library,Libraries_WA
Three Springs Public Library,Railway Road,Three Springs,WA,6519,-29.53619,115.76502,08 9954 1001,,Library,Libraries_WA
Tom Price Public Library,Central Road,Tom Price,WA,6751,-22.69405,117.79435,08 9188 5455,,Library,Libraries_WA
Toodyay Public Library,96 Stirling Terrace,Toodyay,WA,6566,-31.5503,116.46958,08 9574 2323,,Library,Libraries_WA
Trayning Public Library,Railway Street,Trayning,WA,6488,-31.1146,117.79394,08 9683 1001,,Library,Libraries_WA
Useless Loop Public Library,Hackett Square,Useless Loop,WA,6537,-26.12935,113.41803,08 9948 0261,,Library,Libraries_WA
Victoria Park Public Library,27 Sussex Street,East Victoria Park,WA,6101,-31.98431,115.90002,08 9373 5500,,Library,Libraries_WA
Vincent Public Library,99 Loftus Street,Leederville,WA,6007,-31.93451,115.84569,08 9273 6090,,Library,Libraries_WA
VisAbility,61 Kitchener Avenue,Victoria Park,WA,6100,-31.97104,115.90076,08 9311 8271,,Library,Libraries_WA
Wagin Public Library,3 Trent Street,Wagin,WA,6315,-33.31048,117.33915,08 9861 1247,,Library,Libraries_WA
Walpole Public Library,Lot 44 Latham Avenue,Walpole,WA,6398,-34.97725,116.73251,08 9840 1108,,Library,Libraries_WA
Wandering Public Library,18 Watts Street,Wandering,WA,6308,-32.68131,116.67558,08 9884 1561,,Library,Libraries_WA
Wanneroo Public Library,3 Rocca Way,Wanneroo,WA,6065,-31.75065,115.80533,08 9405 5940,,Library,Libraries_WA
Warburton (Ngaanyatjarra),Ngaanyatjarra Community College,Warburton,WA,nan,-25.997885,126.6706759,08 8956 7531,,Library,Libraries_WA
Warnbro Community Library,Swallowtail Parade,Warnbro,WA,6168,-32.34543,115.7586,08 9528 8577,,Library,Libraries_WA
Waroona Public Library,Thatcher Street,Waroona,WA,6215,-32.84275,115.92336,08 9733 7822,,Library,Libraries_WA
Wellstead Public Library,49 Windsor Road,Wellstead,WA,6328,-34.49393,118.60433,08 9847 2078,,Library,Libraries_WA
Westonia Public Library,41 Wolfram Street,Westonia,WA,6423,-31.30227,118.69674,08 9046 7077,,Library,Libraries_WA
Whitford Public Library,Cnr Marmion and Banks Avenues,Hillarys,WA,6025,-31.79721,115.75341,08 9400 4870,,Library,Libraries_WA
Wickepin Public Library,24 Wogolin Road,Wickepin,WA,6370,-32.78177,117.49896,08 9888 1500,,Library,Libraries_WA
Wickham Public Library,Wickham Community Hub - Carse Street,Wickham,WA,6720,-20.67662888,117.1394324,08 9187 1661,,Library,Libraries_WA
Willagee Public Library,Cnr Archibald and Winnacott Street,Willagee,WA,6156,-32.05262,115.80589,08 9364 0170,,Library,Libraries_WA
Willetton Public Library,39 Burrendah Boulevarde,Willetton,WA,6155,-32.05573,115.87904,08 9229 9540,,Library,Libraries_WA
Williams Public Library,Brooking Street,Williams,WA,6391,-33.02563,116.88096,08 9885 1378,,Library,Libraries_WA
Wiluna Public Library,Scotia Street,Wiluna,WA,6646,-26.59531,120.22709,08 9981 8000,,Library,Libraries_WA
Withers Public Library,Hudson Road,Bunbury,WA,6230,-33.36416,115.62999,08 9792 7244,,Library,Libraries_WA
Wongan Hills Public Library,The Station 1 Wongan Rd,Wongan Hills,WA,6603,-30.89349923,116.7166626,08 9671 2550,,Library,Libraries_WA
Woodanilling Public Library,3316 Robinson Road,Woodanilling,WA,6316,-33.56311,117.4363,08 9823 1506,,Library,Libraries_WA
Woodvale Public Library,5 Trappers Drive,Woodvale,WA,6026,-31.79798,115.79532,08 9400 4180,,Library,Libraries_WA
Wundowie Public Library,Boronia Avenue,Wundowie,WA,6560,-31.75943,116.38409,08 9573 6205,,Library,Libraries_WA
Wyalkatchem Public Library,Railway Terrace,Wyalkatchem,WA,6485,-31.18022,117.38004,08 9681 1500,,Library,Libraries_WA
Wyndham Public Library,990 Koolama Street,Wyndham,WA,6740,-15.4858,128.12281,08 9161 1002,,Library,Libraries_WA
Yalgoo Public Library,37 Gibbons Street,Yalgoo,WA,6635,-28.34184,116.6823,08 9962 8042,,Library,Libraries_WA
Yanchep Public Library,"Lower Floor, Phil Renkin Recreation Centre, Lisford Avenue",Two Rocks,WA,6037,-31.49621,115.58865,08 9561 1110,,Library,Libraries_WA
Yarloop Public Library,School Rd,Yarloop,WA,6233,-32.96179328,115.9014952,08 9733 5240,,Library,Libraries_WA
York Public Library,Joaquina Street,York,WA,6302,-31.89169,116.76761,08 9641 2233,,Library,Libraries_WA
Yuna Public Library,"Yuna Hall, Main Street",Yuna,WA,6532,-28.32752,115.00264,08 9920 1096,,Library,Libraries_WA
Adelaide City Council Library Service - City Library (Rundle Place) Branch,"Level 3, Rundle Place, 77-91 Rundle Mall",Adelaide,SA,5000,-34.9235721,138.6028183,08 8203 7990,,Library,Libraries_SA
Adelaide City Council Library Service - Hutt St Branch,235 Hutt Street,Adelaide,SA,5000,-34.9334595,138.612033699999,08 8203 7990,,Library,Libraries_SA
Adelaide City Council Library Service - South West Community Centre Branch,171 Sturt Street,Adelaide,SA,5000,-34.9334759,138.592246599999,08 8203 7990,,Library,Libraries_SA
Adelaide City Council Library Service - Tynte St North Adelaide Branch,176 Tynte Street,North Adelaide,SA,5006,-34.9062159,138.593861299999,08 8203 7990,,Library,Libraries_SA
Adelaide Hills Council Libraries - Adelaide Hills Mobile Library,63 Mt Barker Road,Stirling,SA,5152,-35.0055184,138.7177228,08 8408 0400,,Library,Libraries_SA
Adelaide Hills Council Libraries - Gumeracha Branch,45 Albert Street,Gumeracha,SA,5233,-34.8219843,138.8864079,08 8408 0400,,Library,Libraries_SA
Adelaide Hills Council Libraries - Woodside Branch,26 Onkaparinga Valley Road,Woodside,SA,5244,-34.953986,138.875099999999,08 8408 0400,,Library,Libraries_SA
Burnside Library Service,401 Greenhill Rd,Tusmore,SA,5065,-34.93857,138.643513999999,08 8366 4280,,Library,Libraries_SA
Campbelltown Public Library Service,171 Montacute Road,Newton,SA,5074,-34.8879662,138.6784234,08 8366 9299,,Library,Libraries_SA
Charles Sturt Library Service - Charles Sturt Mobile Library,72 Woodville Road,Woodville,SA,5011,-34.8786127340206,138.537684004539,08 8408 1333,,Library,Libraries_SA
Charles Sturt Library Service - Findon Branch,"Findon Shopping Centre, cnr Findon Rd and Grange Rd",Findon,SA,5023,-34.9049863313056,138.530254347531,08 8408 1333,,Library,Libraries_SA
Charles Sturt Library Service - Hindmarsh Branch,139 Port Road,Hindmarsh,SA,5007,-34.9057303,138.5735741,08 8408 1333,,Library,Libraries_SA
Charles Sturt Library Service - Ngutungka Henley Branch,"Ngutungka Henley, 378 Seaview Road",Henley Beach,SA,5022,-34.9169712461166,138.494073850958,08 8408 1333,,Library,Libraries_SA
Charles Sturt Library Service - Ngutungka West Lakes Branch,"Ngutungka West Lakes, 9 Charles Street",West Lakes,SA,5021,-34.8790115625036,138.494607492642,08 8408 1333,,Library,Libraries_SA
Gawler Libraries - Evanston Gardens Branch,65 Angle Vale Road,Evanston Gardens,SA,5116,-34.6244282,138.7195078,08 8522 0123,,Library,Libraries_SA
Gawler Libraries - Gawler Civic Centre Branch,"Gawler Civic Centre, 89-91 Murray Street",Gawler,SA,5118,-34.5992881,138.7493592,08 8522 9213,,Library,Libraries_SA
Holdfast Bay Library Service - Brighton Branch,20 Jetty Road,Brighton,SA,5048,-35.0166648999999,138.5200905,08 8229 9988,,Library,Libraries_SA
Holdfast Bay Library Service - Glenelg Branch,2 Colley Terrace,Glenelg,SA,5045,-34.979774,138.512106,08 8179 9555,,Library,Libraries_SA
Holdfast Bay Library Service - Holdfast Bay History Centre,"Ringwood House, 14 Jetty Road",Brighton,SA,5048,-35.0166271,138.5204813,08 8229 9916,,Library,Libraries_SA
Marion Library Service - Cove Civic Centre Branch,1 Ragamuffin Drive,Hallett Cove,SA,5158,-35.0770605,138.518748599999,08 8375 6755,"Mon,Wed,Fri: 9:30am-5:00pm | Tue,Thu: 9:30am-7:00pm | Sat: 10:00am-4:00pm | Sun: 1:00pm-4:00pm",Library,Libraries_SA
Marion Library Service - Cultural Centre Library (Oaklands Park),287 Diagonal Road,Oaklands Park,SA,5046,-35.013241,138.543579,08 8375 6785,"Mon,Tue,Thu: 9:30am-7:00pm | Wed,Fri: 9:30am-5:00pm | Sat: 10:00am-4:00pm | Sun: 1:00pm-4:00pm",Library,Libraries_SA
Marion Library Service - Marion Heritage Research Centre,245 Sturt Road,Sturt,SA,5047,-35.0185568,138.5510064,08 7420 6455,,Library,Libraries_SA
Marion Library Service - Park Holme Branch,1 Duncan Avenue,Park Holme,SA,5043,-34.9918273,138.5557431,08 8375 6745,"Mon,Tue,Thu,Fri: 9:30am-5:00pm | Wed: 9:30am-7:00pm | Sat: 10:00am-4:00pm | Sun: Closed",Library,Libraries_SA
Mitcham Library Service - Blackwood Branch,2 Young Street,Blackwood,SA,5051,-35.0194428031402,138.615586969458,08 8372 8255,,Library,Libraries_SA
Mitcham Library Service - Mitcham Branch,154 Belair Road,Hawthorn,SA,5062,-34.972845,138.60873,08 8372 8244,,Library,Libraries_SA
Mount Barker Community Library,5 Dumas Street,Mount Barker,SA,5251,-35.0689893,138.855043,08 8393 6400,,Library,Libraries_SA
Norwood Payneham & St Peters Library Service - Norwood Branch,110 The Parade,Norwood,SA,5067,-34.921677,138.631675999999,08 8366 4546,,Library,Libraries_SA
Norwood Payneham & St Peters Library Service - Payneham Branch,2 Turner Street,Felixstow,SA,5070,-34.8922001,138.6409802,08 8336 0333,,Library,Libraries_SA
Norwood Payneham & St Peters Library Service - St Peters Branch,101 Payneham Road,St Peters,SA,5069,-34.9107624,138.626247299999,08 8334 0200,,Library,Libraries_SA
Onkaparinga Library Service - Aberfoyle Park (The Hub) Branch,Hub Drive,Aberfoyle Park,SA,5159,-35.0743886,138.5925063,08 8384 0100,"Mon-Wed,Fri: 9:30am-5:30pm | Thu: 9:30am-7:00pm | Sat: 10:00am-1:00pm | Sun: 2:00pm-5:00pm",Library,Libraries_SA
Onkaparinga Library Service - Aldinga Branch,11 Central Way,Aldinga Beach,SA,5173,-35.2768259,138.4608499,08 8384 0022,"Mon-Wed,Fri: 9:30am-5:00pm | Thu: 9:30am-7:00pm | Sat: 10:00am-1:00pm | Sun: Closed",Library,Libraries_SA
Onkaparinga Library Service - Noarlunga Branch,"Hannah Road, PO Box 411",Noarlunga Centre,SA,5168,-35.1400317,138.4966635,08 8384 0655,"Mon-Wed,Fri: 9:30am-5:30pm | Thu: 9:30am-7:00pm | Sat: 10:00am-3:00pm | Sun: Closed",Library,Libraries_SA
Onkaparinga Library Service - Seaford Branch,Grand Boulevard,Seaford,SA,5169,-35.1875451,138.4817273,08 8384 0044,"Mon-Wed,Fri: 9:30am-5:00pm | Thu: 9:30am-7:00pm | Sat: 10:00am-1:00pm | Sun: Closed",Library,Libraries_SA
Onkaparinga Library Service - Willunga Branch,St Peter's Terrace,Willunga,SA,5172,-35.2717555,138.5548625,08 8384 0006,Mon-Fri: 9:30am-5:00pm | Sat: Closed | Sun: 2:00pm-5:00pm,Library,Libraries_SA
Onkaparinga Library Service - Woodcroft Branch,175 Bains Road,Morphett Vale,SA,5162,-35.113794,138.546262699999,08 8384 0050,"Mon-Wed,Fri: 9:30am-5:30pm | Thu: 9:30am-7:00pm | Sat: Closed | Sun: 1:00pm-4:00pm",Library,Libraries_SA
Playford Library Service - Elizabeth (Playford Civic) Branch,10 Playford Boulevard,Elizabeth,SA,5112,-34.7181088,138.671000899999,08 8256 0333,,Library,Libraries_SA
Playford Library Service - Stretton Centre Branch,307 Peachey Road,Munno Para,SA,5115,-34.6694633,138.6804836,08 8256 0333,,Library,Libraries_SA
Port Adelaide Enfield Library Service - Enfield Branch,1 Kensington Crescent,Enfield,SA,5085,-34.853432,138.601632699999,08 8405 6530,,Library,Libraries_SA
Port Adelaide Enfield Library Service - Greenacres Branch,2 Fosters Road,Greenacres,SA,5086,-34.870195,138.637400999999,08 8405 6540,"Mon-Wed,Fri: 9:00am-6:00pm | Thu: 9:00am-7:00pm | Sat: 10:00am-2:00pm | Sun: 1:00pm-4:00pm",Library,Libraries_SA
Port Adelaide Enfield Library Service - Parks Branch,46 Trafford St,Angle Park,SA,5010,-34.8583232,138.556757,08 8405 6550,"Mon,Tue,Thu: 9:00am-5:00pm | Wed,Fri: 9:00am-7:00pm | Sat: 10:00am-4:00pm | Sun: 10:00am-4:00pm",Library,Libraries_SA
Port Adelaide Enfield Library Service - Port Adelaide Branch,2-4 Church Street,Port Adelaide,SA,5015,-34.8475235,138.5037274,08 8405 6580,"Mon-Wed,Fri: 9:00am-5:00pm | Thu: 9:00am-7:00pm | Sat: 10:00am-2:00pm | Sun: 1:00pm-4:00pm",Library,Libraries_SA
Port Adelaide Enfield Library Service - Semaphore Branch,14 Semaphore Road,Semaphore,SA,5019,-34.8388812,138.4812847,08 8405 6570,"Mon-Wed,Fri: 9:00am-6:00pm | Thu: 9:00am-7:00pm | Sat: 10:00am-2:00pm | Sun: 1:00pm-4:00pm",Library,Libraries_SA
Port Adelaide Enfield Library Service - The Lights Community and Sports Centre,244-270 East Parkway,Lightsview,SA,5085,-34.8627158113868,138.619786853801,08 8405 6530,,Library,Libraries_SA
Prospect Public Library Service,"Payinthi, 128 Prospect Road",Prospect,SA,5082,-34.8859919,138.5935999,08 8269 5355,,Library,Libraries_SA
Salisbury Library Service - Ingle Farm Branch,Beovich Road,Ingle Farm,SA,5098,-34.832257,138.648903,08 8406 8595,"Mon-Wed,Fri: 9:30am-5:00pm | Thu: 9:30am-7:00pm | Sat: 10:00am-2:00pm | Sun: Closed",Library,Libraries_SA
Salisbury Library Service - Mawson Lakes Branch,2-8 Main Street,Mawson Lakes,SA,5095,-34.810949,138.617382,08 8302 5555,"Mon,Wed,Fri: 9:30am-5:00pm | Tue: 9:30am-6:00pm | Thu: 9:30am-7:00pm | Sat: 10:00am-2:00pm | Sun: Closed",Library,Libraries_SA
Salisbury Library Service - Para Hills Branch,Wilkinson Road,Para Hills,SA,5096,-34.811029,138.652544,08 8406 8530,Mon-Fri: 9:30am-5:00pm | Sat: 10:00am-2:00pm | Sun: Closed,Library,Libraries_SA
Salisbury Library Service - Salisbury Community Hub Branch,34 Church Street,Salisbury,SA,5108,-34.76313,138.645767,08 8406 8222,Mon-Fri: 9:30am-5:00pm | Sat: 10:00am-2:00pm | Sun: Closed,Library,Libraries_SA
Salisbury Library Service -The Hive Community Resource Hub,386 Waterloo Corner,Burton,SA,5110,-34.7414041,138.6054257,08 8406 8489,,Library,Libraries_SA
Tea Tree Gully Library Service,571 Montague Road,Modbury,SA,5092,-34.828442,138.690043999999,08 8397 7333,,Library,Libraries_SA
Unley Library Service - Goodwood Branch,101 Goodwood Road,Goodwood,SA,5034,-34.950787,138.589928,08 8372 5166,,Library,Libraries_SA
Unley Library Service - Unley Civic Branch,181 Unley Road,Unley,SA,5061,-34.9507029,138.6079406,08 8372 5100,,Library,Libraries_SA
Unley Library Service - Unley Museum,80 Edmund Avenue,Unley,SA,5061,-34.9514234,138.6090248,08 8372 5117,,Library,Libraries_SA
Walkerville Public Library Service,66 Walkerville Terrace,Gilberton,SA,5081,-34.8976203,138.6144543,08 8342 7150,,Library,Libraries_SA
West Torrens Library Service - West Torrens Branch,1 Brooker Terrace,Hilton,SA,5033,-34.9338609,138.5615464,08 8416 6228,,Library,Libraries_SA
Andamooka School Community Library,Government Road,Andamooka,SA,5722,-30.4483781,137.1675875,08 8672 7018,,Library,Libraries_SA
Barunga West Council - Bute Office,15 Railway Terrace,Bute,SA,5560,-33.863852,138.008147,08 8826 2011,,Library,Libraries_SA
Barunga West Council - Port Broughton Area School Community Library,12 East Terrace,Port Broughton,SA,5522,-33.602877,137.933199,08 8635 2863,,Library,Libraries_SA
Clare and Gilbert Valleys Council - Riverton and District High School Library,Oxford Terrace,Riverton,SA,5412,-34.1561473,138.7495512,08 8847 2414,,Library,Libraries_SA
Coorong District Council - Coomandook School Community Library,"Coomandook Area School, Dukes Highway",Coomandook,SA,5261,-35.475531,139.707425,08 8573 3007,,Library,Libraries_SA
Coorong District Council - Coonalpyn Community Library,2 Richards Terrace,Coonalpyn,SA,5265,-35.6926774366793,139.858206471107,08 8571 1018,,Library,Libraries_SA
Coorong District Council - Meningie School Community Library,"Meningie Area School, 1 North Terrace",Meningie,SA,5264,-35.6832925,139.3415424,08 8575 1681,,Library,Libraries_SA
Coorong District Council - Tailem Bend School Community Library,"Tailem Bend Primary School, 1 Murray Street",Tailem Bend,SA,5260,-35.2585421,139.457646399999,08 8572 3275 / 08 8572 3266,,Library,Libraries_SA
Coorong District Council - Tintinara School Community Library,"Tintinara Area School, 37 Wendt Terrace",Tintinara,SA,5266,-35.8831778,140.059959899999,08 8757 2120,,Library,Libraries_SA
Copper Coast Council - Moonta Library,Blanche Terrace,Moonta,SA,5558,-34.0702031,137.5917073,08 8825 1511,,Library,Libraries_SA
District Council of Ceduna - Ceduna School Community Library,"Ceduna Area School, Bergmann Drive",Ceduna,SA,5690,-32.1368101,133.670099899999,08 8625 3270,,Library,Libraries_SA
District Council of Cleve - Cleve School Community Library,"Cleve Area School, Second Street",Cleve,SA,5640,-33.7000082,136.4969677,08 8628 2607,,Library,Libraries_SA
District Council of Coober Pedy - Coober Pedy School Community Library,"Coober Pedy Area School, Paxton Road",Coober Pedy,SA,5723,-29.0127893,134.751915899999,08 8672 4634,,Library,Libraries_SA
District Council of Elliston - Elliston Depot,"Elliston Visitor Centre, 6 Memorial Drive",Elliston,SA,5670,-33.6473109,134.8910975,08 8687 9200,,Library,Libraries_SA
District Council of Elliston - Lock School Community Library,"Lock Area School, West Terrace",Lock,SA,5633,-33.5683918,135.7539368,0418 440 074,,Library,Libraries_SA
District Council of Franklin Harbour - Cowell School Community Library,"Cowell Area School, 42 Story Road",Cowell,SA,5602,-33.6847064,136.9181995,08 8629 2320,,Library,Libraries_SA
District Council of Karoonda East Murray - Karoonda School Community Library,North Terrace,Karoonda,SA,5307,-35.0913196,139.8952544,08 8578 1120,,Library,Libraries_SA
District Council of Kimba - Kimba School Community Library,69 West Terrace,Kimba,SA,5641,-33.1363825,136.4199006,08 8627 2510,,Library,Libraries_SA
District Council of Lower Eyre Peninsula - Coffin Bay Depot,"Coffin Bay Hall, Corner The Esplanade and Harder Streets",Coffin Bay,SA,5607,-34.6217824266851,135.46609914133,08 8676 2476,,Library,Libraries_SA
District Council of Lower Eyre Peninsula - Cummins School Community Library,"Cummins Area School, McFarlane Street",Cummins,SA,5631,-34.2639475,135.722281999999,08 8676 2476,,Library,Libraries_SA
District Council of Orroroo Carrieton - Orroroo School Community Library,"Orroroo Area School, West Terrace",Orroroo,SA,5431,-32.7297886,138.612612099999,08 8658 1100,,Library,Libraries_SA
District Council of Streaky Bay - Streaky Bay School Community Library,"Streaky Bay Area School, 109 Wells Street",Streaky Bay,SA,5680,-32.7979441,134.2008644,08 8626 1867,,Library,Libraries_SA
District Council of Tumby Bay - Tumby Bay School Community Library,"Tumby Bay Area School, 28 West Terrace",Tumby Bay,SA,5605,-34.3756872,136.0998514,08 8688 2471,,Library,Libraries_SA
Kingston District Council - Kingston Community School Library,46 East Terrace,Kingston,SA,5275,-36.836604,139.857566,08 8767 2677 / 8767 3003,,Library,Libraries_SA
Leigh Creek School Community Library,Black Oak Drive,Leigh Creek,SA,5731,-30.5927365,138.4010974,08 8675 2803,,Library,Libraries_SA
Mid Murray Council - Cambrai School Community Library,"Cambrai Primary School, Main Road",Cambrai,SA,5353,-34.6522175,139.2818574,08 8564 5146,,Library,Libraries_SA
Mid Murray Council - Mannum School Community Library,"Mannum Community College, 49 Walker Avenue",Mannum,SA,5238,-34.9124027265714,139.304836853837,08 8569 2005,,Library,Libraries_SA
Mid Murray Council - Swan Reach Community Library,"Swan Reach Area School, 8 Showground Road",Swan Reach,SA,5354,-34.5716229,139.602886,0460 366 067,,Library,Libraries_SA
Naracoorte Lucindale Council - Lucindale School Community Library,"Lucindale Area School, 116 Gum Avenue",Lucindale,SA,5272,-36.9657184,140.369508799999,08 8766 2084,,Library,Libraries_SA
Northern Areas Council - Jamestown School Community Library,Humphris Terrace,Jamestown,SA,5491,-33.2049024,138.6093581,08 8664 2713,,Library,Libraries_SA
Peterborough School and Community Library Service,Queen Street,Peterborough,SA,5422,-32.9782655,138.8357974,08 8651 2523,,Library,Libraries_SA
Regional Council of Goyder - Burra School Community Library,7 Bridge Terrace,Burra,SA,5417,-33.6789163,138.938122499999,08 8892 2038,,Library,Libraries_SA
Regional Council of Goyder - Eudunda School Community Library,2 Reserve Road,Eudunda,SA,5374,-34.1805249,139.091566999999,08 8581 1587,,Library,Libraries_SA
Southern Mallee District Council - Lameroo School Community Library,1 Bews Terrace,Lameroo,SA,5302,-35.3310245,140.520852399999,08 8576 3040,,Library,Libraries_SA
Southern Mallee District Council - Pinnaroo School Community Library,Bundey Terrace,Pinnaroo,SA,5304,-35.2563731,140.9077048,08 8577 8176,,Library,Libraries_SA
Tatiara District Council - Keith Community Library,Tolmer Terrace,Keith,SA,5267,-36.0993722,140.3531433,08 8755 3236,,Library,Libraries_SA
The Flinders Ranges Council - Hawker School Community Library,Arkaba Street,Hawker,SA,5434,-31.8915725,138.4280877,08 8648 4184,,Library,Libraries_SA
The Flinders Ranges Council - Quorn School Community Library,"Quorn Area School, West Terrace",Quorn,SA,5433,-32.3477065,138.0369195,08 8648 6705,,Library,Libraries_SA
Wakefield Regional Council - Balaklava Community Library,"Balaklava High School, May Terrace",Balaklava,SA,5461,-34.1513818,138.416286799999,0438 086 006,,Library,Libraries_SA
Wakefield Regional Council - Snowtown School Community Library,"Snowtown Primary School, 31 Glen Davidson Drive",Snowtown,SA,5520,-33.7855723,138.2236739,08 8865 2006,,Library,Libraries_SA
Wattle Range Council - Penola School Community Library,43 Cameron Street,Penola,SA,5277,-37.3754931,140.843289899999,08 8737 2838,,Library,Libraries_SA
Wudinna District Council - Karcultaby School Community Library,107 Phillips Road,Karcultaby,SA,5654,-32.7606224,134.9738076,08 8626 3077,,Library,Libraries_SA
Wudinna District Council - Wudinna School Community Library,"Wudinna Area School, 30 Medley Terrace",Wudinna,SA,5652,-33.0444983,135.462268,08 8680 2194,,Library,Libraries_SA
Yorke Peninsula Council - Ardrossan School Community Library,14 Second Street,Ardrossan,SA,5571,-34.4228537,137.917001,08 8837 4134,,Library,Libraries_SA
Yorke Peninsula Council - Central Yorke Peninsula (Maitland) Community Library,"Central Yorke School, Junction Road",Maitland,SA,5573,-34.3682091,137.6741862,08 8832 2805,,Library,Libraries_SA
Yorke Peninsula Council - Central Yorke Peninsula (Maitland) Community Library Port Victoria Depot,Main Street,Port Victoria,SA,5573,-34.4975464,137.4831208,Contact not available,,Library,Libraries_SA
Yorke Peninsula Council - Minlaton Library Curramulka Depot,"Curramulka Institute, Sixth Street",Curramulka,SA,5580,-34.6962834,137.713102599999,08 8853 2339,,Library,Libraries_SA
Yorke Peninsula Council - Minlaton Library Port Vincent Depot,"Port Vincent Institute, 19 Marine Parade",Port Vincent,SA,5581,-34.7778442764499,137.86217440678,08 8853 2339,,Library,Libraries_SA
Yorke Peninsula Council - Minlaton School Community Library,2 North Terrace,Minlaton,SA,5575,-34.766591,137.5934372,08 8853 2339,,Library,Libraries_SA
Yorke Peninsula Council - Yorketown Corny Point Library Depot,"Corny Point Memorial Hall, Cnr Liddiards and Rockleigh Road",Corny Point,SA,5575,-34.9259636,137.079235,08 8852 1647,,Library,Libraries_SA
Yorke Peninsula Council - Yorketown Edithburgh Library Depot,"Edithburgh Institute, 30 Blanche Street",Edithburgh,SA,5583,-35.0859332,137.7454668,08 8852 1647,,Library,Libraries_SA
Yorke Peninsula Council - Yorketown Marion Bay Library Depot,Slow Street,Marion Bay,SA,5575,-35.2395273,136.9802622,08 8852 1647,,Library,Libraries_SA
Yorke Peninsula Council - Yorketown School Community Library,"Yorketown Area School, Stansbury Road",Yorketown,SA,5576,-35.0165679,137.6146998,08 8852 1647,,Library,Libraries_SA
Yorke Peninsula Council - Yorketown Stansbury Library Depot,"Stansbury Institute, Weaver Street",Stansbury,SA,5582,-34.9093445,137.7966947,08 8852 1647,,Library,Libraries_SA
Yorke Peninsula Council - Yorketown Warooka Library Depot,"Warooka Town Hall, Player Street",Warooka,SA,5577,-34.991001,137.3997605,08 8852 1647,,Library,Libraries_SA
Adelaide Plains Library Service - Mallala Branch,"2A Wasleys Road, Behind the Council Office",Mallala,SA,5502,-34.4381918,138.510987,08 8520 2100,,Library,Libraries_SA
Adelaide Plains Library Service - Two Wells Branch,61 Old Port Wakefield Road,Two Wells,SA,5501,-34.5940543,138.5143256,08 8520 2100,,Library,Libraries_SA
Alexandrina Library Service - Goolwa Branch,11 Cadell Street,Goolwa,SA,5214,-35.501828,138.782462,08 8555 7000,,Library,Libraries_SA
Alexandrina Library Service - Milang Kiosk,"Milang Old School House Community Centre (MOSHCC), 24-25 Daranda Terrace",Milang,SA,5256,-35.4061977449566,138.973852629186,08 8555 7000,,Library,Libraries_SA
Alexandrina Library Service - Mt Compass Library Kiosk,"Australia Post LPO Compass Central, shop 2/30-34 Victor Harbor Road",Mt Compass,SA,5210,-35.34786,138.62109,08 8555 7000,,Library,Libraries_SA
Alexandrina Library Service - Pt Elliot Depot,The Strand,Port Elliot,SA,5212,-35.5326768,138.681823099999,08 8555 7000,,Library,Libraries_SA
Alexandrina Library Service - Strathalbyn Branch,1 Colman Terrace,Strathalbyn,SA,5255,-35.2567951,138.8900442,08 8555 7000,,Library,Libraries_SA
Barossa Library Service - Lyndoch Branch,29 Barossa Valley Way,Lyndoch,SA,5351,-34.6010595,138.891041399999,08 8563 8305,,Library,Libraries_SA
Barossa Library Service - Mount Pleasant Branch,130-132 Melrose Street,Mount Pleasant,SA,5235,-34.7729960938384,139.051284224309,08 8563 8304,,Library,Libraries_SA
Barossa Library Service - Nuriootpa Branch,43-51 Tanunda Road,Nuriootpa,SA,5355,-34.4814733,138.9925948,08 8563 8440,,Library,Libraries_SA
Barossa Library Service - Tanunda Branch,"66-68 Murray Street, (Co-located with Barossa Visitor Centre)",Tanunda,SA,5352,-34.5248283,138.958994699999,08 8563 8499,,Library,Libraries_SA
Berri Barmera Council - Barmera Library and Council Customer Service Centre,4 Barwell Avenue,Barmera South,SA,5345,-34.252234,140.464138999999,08 8588 2872,,Library,Libraries_SA
Berri Barmera Council - Berri Library,29 Riverview Drive,Berri,SA,5343,-34.2872701,140.6033728,08 7522 6010,,Library,Libraries_SA
Clare and Gilbert Valleys Council - Clare Branch,33 Old North Road,Clare,SA,5453,-33.83336,138.612747,08 8842 3817,,Library,Libraries_SA
Clare and Gilbert Valleys Council - Clare Regional History Group,229 Main North Road,Clare,SA,5453,-33.833916,138.6129428,08 8842 4100,,Library,Libraries_SA
Clare and Gilbert Valleys Council - Saddleworth Library & Community Centre Branch,19 Belvidere Road,Saddleworth,SA,5413,-34.084461,138.782724,08 8847 4096,,Library,Libraries_SA
Copper Coast Council - Kadina Library,1a Doswell Terrace,Kadina,SA,5554,-33.961893,137.708988999999,08 8828 1250,,Library,Libraries_SA
Copper Coast Council - Wallaroo Library,5 John Terrace,Wallaroo,SA,5556,-33.9318459,137.6262011,08 8823 2924,,Library,Libraries_SA
District Council of Grant - Port MacDonnell (Mary Lattin Memorial) Library Service,5 Charles Street,Port MacDonnell,SA,5291,-38.0539936,140.7000012,08 8738 3015,,Library,Libraries_SA
Flinders Mobile Library Service,14 Fifth Street,Gladstone,SA,5473,-33.267805,138.355398,08 8662 2305 (Truck 0428 622 305),,Library,Libraries_SA
Kangaroo Island Library Service - Kingscote Branch,43 Dauncey Street,Kingscote,SA,5223,-35.655875,137.638621999999,08 8553 4500,,Library,Libraries_SA
Kangaroo Island Library Service - Penneshaw Depot,"Kangaroo Island Community Education, Howard Drive",Penneshaw,SA,5220,-35.7201473,137.9316671,08 8553 1067,,Library,Libraries_SA
Light Regional Public Library Service - Freeling Branch,7 Hanson Street,Freeling,SA,5372,-34.45423,138.8103128,08 8525 3240,,Library,Libraries_SA
Light Regional Public Library Service - Greenock Depot,1 Greenock Road,Greenock,SA,5360,-34.4571455,138.926923499999,08 8562 8308,,Library,Libraries_SA
Light Regional Public Library Service - Hewett Branch,28 Kingfisher Drive,Hewett,SA,5118,-34.5776193431972,138.750577648772,08 8525 3200,,Library,Libraries_SA
Light Regional Public Library Service - Kapunda Branch,51 – 53 Main Street,Kapunda,SA,5373,-34.340787,138.915199,08 8525 3290,,Library,Libraries_SA
Loxton Waikerie Library Service - Loxton Branch,29 East Terrace,Loxton,SA,5333,-34.4510148,140.569252,08 8584 8051,,Library,Libraries_SA
Loxton Waikerie Library Service - Waikerie Branch,1A Strangman Road,Waikerie,SA,5330,-34.1818343,139.986491399999,08 8541 0720,,Library,Libraries_SA
Mid Murray Council - Morgan Library,"Morgan & Districts Community Hub, Cnr Fourth Street & Eighth Street",Morgan,SA,5320,-34.0335996,139.6679406,08 8540 0090,,Library,Libraries_SA
Mount Gambier Library Service,6 Watson Terrace,Mount Gambier,SA,5290,-37.8298732,140.780667099999,08 8721 2540,,Library,Libraries_SA
Murray Bridge Library Service,"Level 2, Market Place, 51 South Terrace",Murray Bridge,SA,5253,-35.1185762,139.2785671,08 8539 1175,,Library,Libraries_SA
Naracoorte Lucindale Council - Naracoorte Public Library Service,93 Smith Street,Naracoorte,SA,5271,-36.9555944,140.7423318,08 8760 1170,,Library,Libraries_SA
Port Augusta Library Service,4 Mackay Street,Port Augusta,SA,5700,-32.4908683,137.7640513,08 8641 9151,,Library,Libraries_SA
Port Lincoln Library Service,2 London Street,Port Lincoln,SA,5606,-34.7233723,135.8657465,08 8621 2345,,Library,Libraries_SA
Port Pirie Regional Library Service - Crystal Brook Branch,Bowman Street,Crystal Brook,SA,5523,-33.3493472,138.210772499999,08 8636 2150,,Library,Libraries_SA
Port Pirie Regional Library Service - Port Pirie Branch,3 Wandearah Road,Port Pirie,SA,5540,-33.181797,138.011483,08 8632 1649,,Library,Libraries_SA
Renmark Paringa Public Library Service,James Avenue,Renmark,SA,5341,-34.1696468,140.7499393,08 8586 5544,,Library,Libraries_SA
Robe Public Library Service,Mundy Terrace,Robe,SA,5276,-37.1631547,139.7568771,08 8768 2465,,Library,Libraries_SA
Roxby Downs Community Library Service,"Cultural and Leisure Precinct, Richardson Place",Roxby Downs,SA,5725,-30.5609301,136.8959946,08 8671 0500,,Library,Libraries_SA
Tatiara District Council - Bordertown Public Library Service,55 Woolshed Street,Bordertown,SA,5268,-36.310876,140.772949,08 8752 1473,,Library,Libraries_SA
Victor Harbor Public Library Service,1 Bay Road,Victor Harbor,SA,5211,-35.5574374,138.610787399999,08 8551 0730,,Library,Libraries_SA
Wattle Range Council - Beachport Library,Millicent Road,Beachport,SA,5280,-37.4803116,140.013447,08 8735 8029,,Library,Libraries_SA
Wattle Range Council - Millicent Library,Ridge Terrace,Millicent,SA,5280,-37.5929363,140.3502188,08 8733 0903,,Library,Libraries_SA
Whyalla Public Library Service,19 Ekblom Street,Whyalla Norrie,SA,5608,-33.028868,137.533861,08 8645 7891,,Library,Libraries_SA
Woomera Community Library Service,"Woomera Area School, Dewrang Avenue",Woomera,SA,5720,-31.1971718,136.8255037,08 8673 7287,,Library,Libraries_SA
Yankalilla Library Service,181 Main South Road,Yankalilla,SA,5203,-35.4540969,138.3362284,08 8558 0265,,Library,Libraries_SA
